horizon,episode_id,effect_bps,depletion_n,replenishment_n,depletion_mean_bps,replenishment_mean_bps
1,5,0.0,5,1,0.0,0.0
1,8,0.0,5,2,0.0,0.0
1,13,0.0,14,3,0.0,0.0
1,14,0.0,7,3,0.0,0.0
1,18,0.011348801858538825,8,1,0.011348801858538825,0.0
1,20,0.0,8,1,0.0,0.0
1,29,0.0,6,2,0.0,0.0
1,30,0.0,10,2,0.0,0.0
1,39,0.0,3,1,0.0,0.0
1,42,0.0,1,2,0.0,0.0
1,48,0.032455674199704895,105,22,0.023025928518151873,-0.009429745681553024
1,54,0.20344895899541798,18,4,0.044655118122118906,-0.15879384087329906
1,56,0.022863298627429928,173,20,0.022863298627429928,0.0
1,58,0.0,5,2,0.0,0.0
1,60,0.0,2,2,0.0,0.0
1,61,0.0,5,1,0.0,0.0
1,65,0.02872291732464552,107,11,0.02872291732464552,0.0
1,72,-0.034852949784289884,104,13,0.013031655499695606,0.04788460528398549
1,76,0.0,3,1,0.0,0.0
1,82,-1.0394895397073136,7,1,0.2045953872326097,1.2440849269399232
1,83,0.01238914487000031,176,31,0.03934333757454594,0.02695419270454563
1,84,0.003238318898057806,16,3,0.003238318898057806,0.0
1,88,0.0,8,2,0.0,0.0
1,90,0.09070234458316419,12,2,0.09070234458316419,0.0
1,91,-0.002833308764843223,134,18,0.03316696257018892,0.03600027133503214
1,94,0.06106517602814528,14,1,0.06106517602814528,0.0
1,97,0.07267327552926363,23,3,0.07267327552926363,0.0
1,98,0.022589387110678143,144,11,0.022589387110678143,0.0
1,99,0.007519577676836721,25,4,0.007519577676836721,0.0
1,101,0.0,3,1,0.0,0.0
1,109,-0.12881499596790374,16,2,0.09800982592600571,0.22682482189390946
1,116,0.0,9,1,0.0,0.0
1,118,0.21385135465886035,4,1,0.21385135465886035,0.0
1,129,0.0,1,1,0.0,0.0
1,131,0.0,2,1,0.0,0.0
1,139,0.0,8,1,0.0,0.0
1,140,0.015112017832170569,36,12,0.015112017832170569,0.0
1,144,0.0,12,1,0.0,0.0
1,146,0.0,5,1,0.0,0.0
1,148,0.008097318103465588,16,3,0.008097318103465588,0.0
1,154,0.0,3,2,0.0,0.0
1,155,0.0,13,1,0.0,0.0
1,157,0.0,10,1,0.0,0.0
1,159,0.0,2,1,0.0,0.0
1,160,0.07515659175315717,15,5,0.07515659175315717,0.0
1,161,0.0,4,1,0.0,0.0
1,163,0.0,4,1,0.0,0.0
1,165,0.0,2,1,0.0,0.0
1,167,0.06389497324731058,73,11,0.02618941980240879,-0.0377055534449018
1,169,0.15066733245681163,4,1,0.15066733245681163,0.0
1,170,-0.17283572281761142,30,2,0.008642481974249947,0.18147820479186136
1,181,0.0,15,4,0.0,0.0
1,184,0.0,1,1,0.0,0.0
1,187,0.0,14,2,0.0,0.0
1,188,0.030244341134330683,15,3,0.030244341134330683,0.0
1,194,0.054441132609028296,5,1,0.054441132609028296,0.0
1,195,0.0068033208627228505,81,7,0.0068033208627228505,0.0
1,199,0.0453734205815292,20,4,0.0453734205815292,0.0
1,204,0.04701575777700687,98,14,0.05720488880459742,0.010189131027590548
1,214,0.07260802179695498,5,2,0.07260802179695498,0.0
1,216,0.18798271855431276,4,1,0.18798271855431276,0.0
1,220,0.0,1,1,0.0,0.0
1,225,0.0,7,1,0.0,0.0
1,226,0.023183162623985995,19,2,0.023183162623985995,0.0
1,234,0.0,2,1,0.0,0.0
1,236,0.0,5,1,0.0,0.0
1,238,0.08669371019994232,16,1,0.08669371019994232,0.0
1,240,0.0,5,1,0.0,0.0
1,244,0.012177183584295648,66,7,0.012177183584295648,0.0
1,245,0.0,18,8,0.0,0.0
1,247,0.0,4,1,0.0,0.0
1,255,0.04040566700439662,96,13,0.05038012949746559,0.009974462493068971
1,257,0.0,4,1,0.0,0.0
1,261,0.0,3,1,0.0,0.0
1,263,0.0,3,2,0.0,0.0
1,265,0.0,5,1,0.0,0.0
1,267,0.0,10,1,0.0,0.0
1,280,0.004324216803239886,21,2,0.004324216803239886,0.0
1,281,0.024944492268579345,13,2,0.024944492268579345,0.0
1,284,0.0,57,6,0.0,0.0
1,287,0.011794974171313177,22,2,0.011794974171313177,0.0
1,290,0.0,8,2,0.0,0.0
1,292,0.0,2,1,0.0,0.0
1,293,0.01855701010552644,492,65,0.014964905372148453,-0.0035921047333779877
1,300,0.0,3,1,0.0,0.0
1,302,0.02234360902574818,112,9,0.02234360902574818,0.0
1,315,0.09854893181393988,5,1,0.09854893181393988,0.0
1,322,0.0,80,12,0.0,0.0
1,333,0.00034046758116427697,164,23,0.007672274037620217,0.00733180645645594
1,335,0.0,6,2,0.0,0.0
3,5,0.0,5,1,0.0,0.0
3,8,0.0,5,2,0.0,0.0
3,13,0.0,14,3,0.0,0.0
3,14,0.0,7,3,0.0,0.0
3,18,0.011348801858538825,8,1,0.011348801858538825,0.0
3,20,0.0,8,1,0.0,0.0
3,29,0.0,5,2,0.0,0.0
3,30,0.04277451028050241,10,2,0.04277451028050241,0.0
3,39,0.0,3,1,0.0,0.0
3,42,0.0,1,2,0.0,0.0
3,48,0.056539831832877564,105,22,0.055063488699776994,-0.0014763431331005722
3,54,0.21461758994071203,18,4,0.11092054375824298,-0.10369704618246905
3,56,0.03378944452062496,173,20,0.04805203303779608,0.014262588517171115
3,58,0.0,5,2,0.0,0.0
3,60,0.0,2,2,0.0,0.0
3,61,0.0,5,1,0.0,0.0
3,65,0.0410880289010535,107,11,0.0410880289010535,0.0
3,72,-0.045826095703784694,104,13,0.03298398382614741,0.0788100795299321
3,76,0.0,2,1,0.0,0.0
3,83,0.1287579538030064,174,31,0.09346891325505718,-0.035289040547949214
3,84,0.004857488833805006,16,3,0.004857488833805006,0.0
3,88,0.0,8,2,0.0,0.0
3,90,0.2499701044574049,12,2,0.2499701044574049,0.0
3,91,-0.05784996538490549,134,18,0.062367022056944325,0.12021698744184982
3,97,-0.01447413315965182,23,3,0.11943258008025648,0.1339067132399083
3,98,-0.007563634465217531,144,11,0.04544715764854363,0.05301079211376116
3,99,0.11041893510961437,25,4,0.0391427743283615,-0.07127616078125287
3,101,0.0,3,1,0.0,0.0
3,109,0.02913224452772234,16,2,0.2559570664216318,0.22682482189390946
3,116,0.0,9,1,0.0,0.0
3,118,0.27541354381058947,4,1,0.27541354381058947,0.0
3,129,0.0,1,1,0.0,0.0
3,131,0.0,2,1,0.0,0.0
3,139,0.0,8,1,0.0,0.0
3,140,0.015112017832170569,36,12,0.015112017832170569,0.0
3,144,0.0,12,1,0.0,0.0
3,146,0.0,5,1,0.0,0.0
3,148,0.008097318103465588,16,3,0.008097318103465588,0.0
3,154,0.0,3,2,0.0,0.0
3,155,-0.000996840961065023,13,1,-0.000996840961065023,0.0
3,157,0.0,10,1,0.0,0.0
3,159,0.0,2,1,0.0,0.0
3,160,0.21417152249222124,14,5,0.14161184377603753,-0.07255967871618371
3,161,0.0,4,1,0.0,0.0
3,163,0.0,4,1,0.0,0.0
3,165,0.0,2,1,0.0,0.0
3,167,0.08307088724851391,73,11,0.04536533380361211,-0.0377055534449018
3,169,0.0,2,1,0.0,0.0
3,170,-0.3573794893102829,29,2,0.06392553484329327,0.4213050241535762
3,181,0.08427412427859148,15,4,0.0,-0.08427412427859148
3,184,0.0,1,1,0.0,0.0
3,187,0.0,13,2,0.0,0.0
3,188,0.23935225668959642,15,3,0.0665371526495033,-0.17281510404009312
3,194,0.10888226521805659,5,1,0.10888226521805659,0.0
3,195,0.04522114736640273,81,7,0.04522114736640273,0.0
3,199,0.06546634775864249,20,4,0.06546634775864249,0.0
3,204,0.11798919261917909,97,14,0.15133491103525779,0.0333457184160787
3,214,0.17503699247129,4,2,0.17503699247129,0.0
3,216,0.18798271855431276,4,1,0.18798271855431276,0.0
3,220,0.0,1,1,0.0,0.0
3,225,0.0,7,1,0.0,0.0
3,226,0.027956201066355647,19,2,0.027956201066355647,0.0
3,234,0.0,2,1,0.0,0.0
3,236,0.0,5,1,0.0,0.0
3,238,0.16852390675442586,16,1,0.16852390675442586,0.0
3,240,0.0,5,1,0.0,0.0
3,244,0.02140901197480642,66,7,0.02140901197480642,0.0
3,245,0.0,18,8,0.0,0.0
3,247,0.0,3,1,0.0,0.0
3,255,0.06449520719731273,96,13,0.10737976626157042,0.042884559064257685
3,257,0.0,4,1,0.0,0.0
3,261,0.0,3,1,0.0,0.0
3,263,0.0,3,2,0.0,0.0
3,265,0.18156599372708365,4,1,0.18156599372708365,0.0
3,267,0.0,10,1,0.0,0.0
3,280,0.02903425149581972,21,2,0.02903425149581972,0.0
3,281,0.024944492268579345,13,2,0.024944492268579345,0.0
3,284,0.0,57,6,0.0,0.0
3,287,0.019461804849197892,22,2,0.019461804849197892,0.0
3,290,0.0,8,2,0.0,0.0
3,292,0.0,2,1,0.0,0.0
3,293,0.028785527894072266,492,65,0.032580317701738463,0.003794789807666198
3,300,0.0,3,1,0.0,0.0
3,302,0.09293847071967692,112,9,0.03531020659176581,-0.057628264127911125
3,315,0.18672863686564312,5,1,0.18672863686564312,0.0
3,322,0.0003283201608090633,79,12,0.0003283201608090633,0.0
3,333,-0.03257104598376619,164,23,0.014237670185760913,0.04680871616952711
3,335,0.0,4,2,0.0,0.0
5,5,0.0,5,1,0.0,0.0
5,8,0.0,5,2,0.0,0.0
5,13,0.0,14,3,0.0,0.0
5,14,0.0,7,3,0.0,0.0
5,18,0.011348801858538825,8,1,0.011348801858538825,0.0
5,20,0.0,8,1,0.0,0.0
5,29,0.03629624572082586,5,2,0.03629624572082586,0.0
5,30,0.07129166367228842,10,2,0.07129166367228842,0.0
5,42,0.0,1,1,0.0,0.0
5,48,0.04080985484651843,104,22,0.06849590549498777,0.02768605064846934
5,54,0.29131724269987025,18,4,0.13900983706647788,-0.15230740563339235
5,56,0.044609958630558735,173,20,0.059520902949871245,0.014910944319312506
5,58,0.0,4,2,0.0,0.0
5,60,0.0,2,2,0.0,0.0
5,61,0.0,5,1,0.0,0.0
5,65,0.007324515995396866,107,11,0.05211843948752772,0.044793923492130856
5,72,0.03636656715539227,104,13,0.041339034054959915,0.004972466899567643
5,76,0.17503450448779664,2,1,0.17503450448779664,0.0
5,83,0.14491262706388142,173,31,0.11486592379846536,-0.03004670326541607
5,84,0.23800537618565715,16,3,0.04371756729232698,-0.19428780889333017
5,88,0.0,8,2,0.0,0.0
5,90,0.29963001336478623,12,2,0.39033842663453155,0.09070841326974535
5,91,-0.0019810697246226833,134,18,0.10887586387817651,0.11085693360279919
5,97,0.14776515243252122,23,3,0.2816718656724295,0.1339067132399083
5,98,0.008635201938028976,144,11,0.06164599405179014,0.05301079211376116
5,99,0.13322820815163489,25,4,0.061952047370382,-0.07127616078125287
5,101,0.0,2,1,0.0,0.0
5,109,0.16925558438003918,16,2,0.39608040627394864,0.22682482189390946
5,116,0.0,9,1,0.0,0.0
5,118,0.27541354381058947,4,1,0.27541354381058947,0.0
5,129,0.0,1,1,0.0,0.0
5,131,0.0,1,1,0.0,0.0
5,140,0.03589909532973841,35,12,0.03589909532973841,0.0
5,144,0.025910343733034708,12,1,0.025910343733034708,0.0
5,146,0.0,5,1,0.0,0.0
5,148,0.008097318103465588,16,3,0.008097318103465588,0.0
5,154,0.0,3,2,0.0,0.0
5,155,-0.000996840961065023,13,1,-0.000996840961065023,0.0
5,157,0.0,10,1,0.0,0.0
5,159,0.0,2,1,0.0,0.0
5,160,0.29709686959626963,14,5,0.14161184377603753,-0.1554850258202321
5,161,0.0,3,1,0.0,0.0
5,163,0.0,4,1,0.0,0.0
5,165,0.0,2,1,0.0,0.0
5,167,0.08733245719113483,73,11,0.04962690374623304,-0.0377055534449018
5,169,0.0,2,1,0.0,0.0
5,170,-0.4586399034496629,29,2,0.11175215706772657,0.5703920605173894
5,181,0.08427412427859148,15,4,0.0,-0.08427412427859148
5,184,0.0,1,1,0.0,0.0
5,187,0.0,13,2,0.0,0.0
5,188,0.366238936939534,13,3,0.07677363767250381,-0.2894652992670302
5,194,0.10888226521805659,5,1,0.10888226521805659,0.0
5,195,0.039217747199869604,81,7,0.039217747199869604,0.0
5,199,0.09463486986740996,20,4,0.09463486986740996,0.0
5,204,0.2273524505100989,97,14,0.18848266614762982,-0.038869784362469066
5,214,0.25283155130365337,2,2,0.0,-0.25283155130365337
5,216,0.18798271855431276,4,1,0.18798271855431276,0.0
5,225,0.0,7,1,0.0,0.0
5,226,-0.010226523521217364,19,2,-0.010226523521217364,0.0
5,234,0.0,2,1,0.0,0.0
5,236,0.0,5,1,0.0,0.0
5,238,0.23009944344300232,16,1,0.23009944344300232,0.0
5,240,0.0,5,1,0.0,0.0
5,244,0.02140901197480642,66,7,0.02140901197480642,0.0
5,245,0.0,18,8,0.0,0.0
5,247,0.0,3,1,0.0,0.0
5,255,0.08789928453113816,95,13,0.13375542343473132,0.045856138903593156
5,257,0.0,4,1,0.0,0.0
5,263,0.0,3,2,0.0,0.0
5,265,0.18156599372708365,4,1,0.18156599372708365,0.0
5,267,0.0,10,1,0.0,0.0
5,280,0.02903425149581972,21,2,0.02903425149581972,0.0
5,281,0.024944492268579345,13,2,0.024944492268579345,0.0
5,284,0.0,57,6,0.0,0.0
5,287,0.03774424723491638,22,2,0.03774424723491638,0.0
5,290,0.0,8,2,0.0,0.0
5,292,0.0,1,1,0.0,0.0
5,293,0.03646287237717454,492,64,0.046398516806888536,0.009935644429713992
5,300,-0.3501184891735051,3,1,0.0,0.3501184891735051
5,302,0.13565960911255126,111,9,0.04345438650776768,-0.09220522260478359
5,315,0.18672863686564312,5,1,0.18672863686564312,0.0
5,322,-0.0024213647520026525,79,12,0.0008208010407156392,0.0032421657927182916
5,333,-0.0505077431761107,164,23,0.02562819881915808,0.07613594199526878
5,335,0.0,4,2,0.0,0.0
10,5,0.0,4,1,0.0,0.0
10,8,0.0,4,2,0.0,0.0
10,13,0.0,14,3,0.0,0.0
10,14,0.0,7,3,0.0,0.0
10,18,0.012970059266901516,7,1,0.012970059266901516,0.0
10,20,0.0,7,1,0.0,0.0
10,29,-0.07778806998417286,4,1,-0.07778806998417286,0.0
10,30,0.11406739376006177,10,2,0.11406739376006177,0.0
10,48,0.04047560155925937,103,21,0.07318472416821849,0.03270912260895912
10,54,0.18760077678613607,18,4,0.03529470710856409,-0.152306069677572
10,56,-0.0077708622134786826,171,20,0.0706834445489056,0.07845430676238428
10,58,0.0,4,2,0.0,0.0
10,60,-0.25288598019540814,2,1,-0.25288598019540814,0.0
10,61,0.0,5,1,0.0,0.0
10,65,0.008655697733383656,107,11,0.05344962122551451,0.044793923492130856
10,72,0.0887467670485268,104,13,0.0318590968193804,-0.0568876702291464
10,76,0.17503450448779664,2,1,0.17503450448779664,0.0
10,83,0.11722716109169161,171,31,0.10413232235291588,-0.013094838738775738
10,84,0.510831822728447,16,3,0.08338466160811925,-0.42744716112032766
10,88,0.0,8,2,0.0,0.0
10,90,0.4187370047542123,11,2,0.600153831293703,0.1814168265394907
10,91,-0.054922700923798584,134,18,0.1516673186742885,0.2065900195980871
10,97,0.9655909903108836,21,1,0.4991334952775778,-0.4664574950333058
10,98,-0.0034875773737579052,144,11,0.08486374281584402,0.08835132018960193
10,99,0.14463329546865492,25,4,0.07335713468740204,-0.07127616078125287
10,101,0.0,2,1,0.0,0.0
10,109,0.1247040001257031,16,2,0.35152882201961255,0.22682482189390946
10,116,0.0,9,1,0.0,0.0
10,131,0.0,1,1,0.0,0.0
10,140,0.051443146847895714,35,12,0.051443146847895714,0.0
10,144,0.08420696567297048,10,1,0.08420696567297048,0.0
10,146,0.2124469287496175,5,1,0.2124469287496175,0.0
10,148,0.016194636206931175,16,3,0.016194636206931175,0.0
10,154,0.0,3,1,0.0,0.0
10,155,-0.0011780847721677547,11,1,-0.0011780847721677547,0.0
10,157,0.0,8,1,0.0,0.0
10,159,0.0,2,1,0.0,0.0
10,160,0.29709686959626963,14,5,0.14161184377603753,-0.1554850258202321
10,161,0.0,3,1,0.0,0.0
10,163,0.0,4,1,0.0,0.0
10,165,0.0,2,1,0.0,0.0
10,167,0.09382108803264178,73,11,0.0773240149881766,-0.01649707304446517
10,169,-0.6155820003823088,2,1,-0.6155820003823088,0.0
10,170,-0.6814992480175686,29,2,0.23244120064227486,0.9139404486598435
10,181,0.10674722408621587,15,4,0.022473099807624394,-0.08427412427859148
10,187,0.0,13,2,0.0,0.0
10,188,0.366238936939534,13,3,0.07677363767250381,-0.2894652992670302
10,194,0.13610283152257074,4,1,0.13610283152257074,0.0
10,195,0.10453185995933631,80,7,0.039708215924116344,-0.06482364403521997
10,199,0.2304534691927809,19,4,0.11053252626375265,-0.11992094292902825
10,204,0.4142625187241121,97,14,0.28743512215342276,-0.12682739657068937
10,214,0.4926852535111269,2,2,0.0,-0.4926852535111269
10,216,0.18798271855431276,4,1,0.18798271855431276,0.0
10,225,0.0,7,1,0.0,0.0
10,226,-0.010226523521217364,19,2,-0.010226523521217364,0.0
10,234,0.0,2,1,0.0,0.0
10,236,0.0,5,1,0.0,0.0
10,238,1.073602535260083,16,1,0.32164144017098406,-0.751961095089099
10,240,0.0,5,1,0.0,0.0
10,244,0.028087525932397214,66,7,0.028087525932397214,0.0
10,245,-0.008101212006073416,18,8,0.006480969604858733,0.01458218161093215
10,255,0.10322333085134802,94,13,0.19291070053579323,0.08968736968444521
10,257,0.0,3,1,0.0,0.0
10,263,0.0,3,2,0.0,0.0
10,265,1.357465349087425,3,1,0.24208799163611153,-1.1153773574513135
10,267,0.0,10,1,0.0,0.0
10,280,0.02903425149581972,21,2,0.02903425149581972,0.0
10,281,0.024944492268579345,13,2,0.024944492268579345,0.0
10,284,0.014565771698187801,57,6,0.014565771698187801,0.0
10,287,0.029487401701047754,22,2,0.029487401701047754,0.0
10,290,0.0,8,2,0.0,0.0
10,292,0.0,1,1,0.0,0.0
10,293,0.05099279646444286,492,64,0.06802522513439703,0.01703242866995417
10,300,-0.3501184891735051,3,1,0.0,0.3501184891735051
10,302,0.1950392502349109,111,9,0.032239404073520044,-0.16279984616139084
10,322,-0.006745494198174523,79,11,0.0003283220768472038,0.007073816275021727
10,333,-0.042553751936069605,162,23,0.05445015565320859,0.0970039075892782
10,335,0.0,2,2,0.0,0.0
