flow_side,liquidity_response,n,median_flow_magnitude,median_opposing_depth,mean_flow_purity,same_interval_mean_bps,same_interval_positive_rate,h1_n,h1_mean_bps,h1_median_bps,h1_positive_rate,h1_nonzero_rate,h1_mean_given_move_bps,h3_n,h3_mean_bps,h3_median_bps,h3_positive_rate,h3_nonzero_rate,h3_mean_given_move_bps,h5_n,h5_mean_bps,h5_median_bps,h5_positive_rate,h5_nonzero_rate,h5_mean_given_move_bps,h10_n,h10_mean_bps,h10_median_bps,h10_positive_rate,h10_nonzero_rate,h10_mean_given_move_bps
POOLED,DEPLETION,3254,0.016,5.824,0.9915069286133819,0.05918355603609218,0.1757836508912108,3235,0.02207351947357466,0.0,0.080370942812983,0.08315301391035548,0.2654566375353681,3202,0.04767084908420679,0.0,0.11118051217988757,0.11836352279825109,0.40274949542910327,3181,0.06269250665594833,0.0,0.1292046526249607,0.14115058157812008,0.4441533712084,3112,0.07909779909902252,0.0,0.14974293059125965,0.17898457583547558,0.44192522584588523
POOLED,REPLENISHMENT,439,0.005,5.915,0.9809893174805444,0.0015072771153102859,0.0683371298405467,436,0.007148728069079284,0.0,0.03211009174311927,0.05504587155963303,0.129868559921607,434,0.009502995291888418,0.0,0.06451612903225806,0.10138248847926268,0.09373408992453575,428,0.006791945044784457,0.0,0.0794392523364486,0.1308411214953271,0.05190986569942405,416,0.005132970253167396,0.0,0.09375,0.18509615384615385,0.02773137175737191
POOLED,NEUTRAL,40,0.001,6.638,0.9833333333333332,0.0009726421694942775,0.025,39,-0.0039865204314435115,0.0,0.05128205128205128,0.10256410256410256,-0.03886857420657423,39,-0.03258586550334163,0.0,0.05128205128205128,0.15384615384615385,-0.2118081257717206,38,-0.033443388279745356,0.0,0.05263157894736842,0.15789473684210525,-0.2118081257717206,35,-0.04149344337468297,0.0,0.05714285714285714,0.17142857142857143,-0.24204508635231733
BUY,DEPLETION,1536,0.013,6.506,0.9907538675110481,0.05911768970591793,0.16927083333333334,1530,0.023540844789648442,0.0,0.07647058823529412,0.07973856209150326,0.29522534859149274,1517,0.053206125622613516,0.0,0.1114040870138431,0.11865524060646011,0.44840940316391503,1507,0.06915735404499168,0.0,0.1320504313205043,0.1453218314532183,0.47589101619087887,1464,0.08521994233543849,0.0,0.15437158469945356,0.1864754098360656,0.457003646809824
BUY,REPLENISHMENT,187,0.003,6.641,0.9744312016771701,-0.00010149101638364285,0.06417112299465241,187,0.012230593360837521,0.0,0.0374331550802139,0.06951871657754011,0.1759323814212782,185,0.009682523861636731,0.0,0.07567567567567568,0.11891891891891893,0.0814212233819452,183,0.000798735563323698,0.0,0.09836065573770492,0.16393442622950818,0.004872286936274546,182,0.021982654485815604,0.0,0.11538461538461539,0.21978021978021978,0.100021077910461
BUY,NEUTRAL,15,0.001,7.54,0.9555555555555555,0.0,0.0,14,-0.0009264604421849379,0.0,0.0,0.07142857142857142,-0.012970446190589131,14,-0.07967185980348566,0.0,0.0,0.21428571428571427,-0.3718020124162664,14,-0.07967185980348566,0.0,0.0,0.21428571428571427,-0.3718020124162664,13,-0.08580046440375379,0.0,0.0,0.23076923076923078,-0.3718020124162664
SELL,DEPLETION,1718,0.019,5.016500000000001,0.9921802125791469,0.059242444675875444,0.18160651920838183,1705,0.020756799395221053,0.0,0.08387096774193549,0.08621700879765395,0.24075063244116945,1685,0.042687457684347445,0.0,0.11097922848664689,0.11810089020771514,0.3614490763724898,1674,0.0568725992394081,0.0,0.12664277180406214,0.13739545997610514,0.41393361359464853,1648,0.07365919612686658,0.0,0.14563106796116504,0.17233009708737865,0.42743082822914125
SELL,REPLENISHMENT,252,0.006,5.383,0.9858558557949529,0.0027010852130355425,0.07142857142857142,249,0.0033322268258712917,0.0,0.028112449799196786,0.04417670682730924,0.07542949814926833,249,0.009369610611553328,0.0,0.05622489959839357,0.08835341365461848,0.1060469564671263,245,0.011268505596242897,0.0,0.0653061224489796,0.10612244897959183,0.10618399504151961,234,-0.007972339705558988,0.0,0.07692307692307693,0.1581196581196581,-0.050419661921643336
SELL,NEUTRAL,25,0.002,6.064,1.0,0.0015562274711908438,0.04,25,-0.005700154025428312,0.0,0.08,0.12,-0.04750128354523594,25,-0.006217708695260969,0.0,0.08,0.12,-0.05181423912717475,24,-0.0064767798908968435,0.0,0.08333333333333333,0.125,-0.05181423912717475,22,-0.015312021857504753,0.0,0.09090909090909091,0.13636363636363635,-0.11228816028836819
