horizon,global_episode_id,effect_bps,depletion_n,replenishment_n,depletion_mean_bps,replenishment_mean_bps
1,2026-05-25_04__103,0.0,4,1,0.0,0.0
1,2026-05-25_04__106,0.0,7,1,0.0,0.0
1,2026-05-25_04__108,0.0,5,1,0.0,0.0
1,2026-05-25_04__11,0.015644771701279467,88,6,0.015644771701279467,0.0
1,2026-05-25_04__113,0.003342511584327844,161,18,0.011241070535372079,0.007898558951044235
1,2026-05-25_04__116,0.0,8,2,0.0,0.0
1,2026-05-25_04__120,0.09534708528748206,8,1,0.09534708528748206,0.0
1,2026-05-25_04__31,-0.0021988407759716347,376,29,0.015712198717848062,0.017911039493819697
1,2026-05-25_04__46,0.0,3,1,0.0,0.0
1,2026-05-25_04__49,0.0,8,1,0.0,0.0
1,2026-05-25_04__5,0.0,1,1,0.0,0.0
1,2026-05-25_04__65,0.0,4,1,0.0,0.0
1,2026-05-25_04__73,0.0,7,1,0.0,0.0
1,2026-05-25_04__76,0.008468144650748268,98,13,0.008468144650748268,0.0
1,2026-05-25_04__8,0.0,2,1,0.0,0.0
1,2026-05-25_04__83,0.04539479529198189,6,1,0.04539479529198189,0.0
1,2026-05-25_04__85,0.010614362993960322,350,27,0.010614362993960322,0.0
1,2026-05-25_04__87,0.03281133990853493,15,5,0.03281133990853493,0.0
1,2026-05-25_04__95,0.005864817691177231,191,35,0.005864817691177231,0.0
1,2026-05-25_12__102,0.11031668873614257,15,4,0.01982544408715131,-0.09049124464899126
1,2026-05-25_12__108,0.0,1,1,0.0,0.0
1,2026-05-25_12__110,0.009405851827990735,121,23,0.009405851827990735,0.0
1,2026-05-25_12__121,-0.012529918211155091,64,16,-0.012529918211155091,0.0
1,2026-05-25_12__123,0.0,5,1,0.0,0.0
1,2026-05-25_12__13,0.0,6,1,0.0,0.0
1,2026-05-25_12__144,0.0,3,1,0.0,0.0
1,2026-05-25_12__146,0.0,5,1,0.0,0.0
1,2026-05-25_12__155,0.0,84,8,0.0,0.0
1,2026-05-25_12__16,0.0,6,1,0.0,0.0
1,2026-05-25_12__167,0.004526696260939802,80,10,0.004526696260939802,0.0
1,2026-05-25_12__178,0.0,65,7,0.0,0.0
1,2026-05-25_12__181,0.0522126782465366,17,11,0.011039436760970842,-0.04117324148556576
1,2026-05-25_12__183,0.0,10,1,0.0,0.0
1,2026-05-25_12__185,0.0,2,1,0.0,0.0
1,2026-05-25_12__187,0.047511146806838996,114,18,0.035294588037558916,-0.01221655876928008
1,2026-05-25_12__188,0.08579546982886006,19,1,0.09873260763018324,0.01293713780132318
1,2026-05-25_12__189,0.0,11,1,0.0,0.0
1,2026-05-25_12__19,0.0,103,27,0.0,0.0
1,2026-05-25_12__190,0.0,5,1,0.0,0.0
1,2026-05-25_12__191,0.0,5,1,0.0,0.0
1,2026-05-25_12__194,0.0,5,3,0.0,0.0
1,2026-05-25_12__198,0.06631757349073264,8,3,0.06631757349073264,0.0
1,2026-05-25_12__199,0.0,12,2,0.0,0.0
1,2026-05-25_12__20,0.0,6,1,0.0,0.0
1,2026-05-25_12__204,0.0,5,1,0.0,0.0
1,2026-05-25_12__205,0.0,10,1,0.0,0.0
1,2026-05-25_12__211,0.0,5,1,0.0,0.0
1,2026-05-25_12__212,0.013135181093619363,122,17,0.013135181093619363,0.0
1,2026-05-25_12__214,0.0,4,1,0.0,0.0
1,2026-05-25_12__224,0.0,1,1,0.0,0.0
1,2026-05-25_12__226,0.0,5,1,0.0,0.0
1,2026-05-25_12__23,-0.10565273972142969,12,3,0.002156184054426933,0.10780892377585662
1,2026-05-25_12__234,0.005079667191281818,56,5,0.005079667191281818,0.0
1,2026-05-25_12__27,0.012200334079502802,114,18,0.012200334079502802,0.0
1,2026-05-25_12__28,0.0,13,1,0.0,0.0
1,2026-05-25_12__29,0.0,14,1,0.0,0.0
1,2026-05-25_12__3,0.0,11,1,0.0,0.0
1,2026-05-25_12__31,0.0,3,1,0.0,0.0
1,2026-05-25_12__32,0.0,125,19,0.0,0.0
1,2026-05-25_12__33,0.0,10,1,0.0,0.0
1,2026-05-25_12__34,0.0,5,1,0.0,0.0
1,2026-05-25_12__35,0.0,9,1,0.0,0.0
1,2026-05-25_12__38,0.0,3,1,0.0,0.0
1,2026-05-25_12__48,0.007390154817438348,7,1,0.007390154817438348,0.0
1,2026-05-25_12__50,0.0,3,1,0.0,0.0
1,2026-05-25_12__55,0.0,11,1,0.0,0.0
1,2026-05-25_12__57,0.0,14,1,0.0,0.0
1,2026-05-25_12__63,0.0,5,2,0.0,0.0
1,2026-05-25_12__65,0.0,7,2,0.0,0.0
1,2026-05-25_12__67,0.00032107668477856025,453,110,0.008549897611160638,0.008228820926382078
1,2026-05-25_12__68,0.0,1,1,0.0,0.0
1,2026-05-25_12__7,0.0,2,1,0.0,0.0
1,2026-05-25_12__76,0.0,4,1,0.0,0.0
1,2026-05-25_12__77,0.01120433514306077,1842,238,0.01185646609566283,0.0006521309526020594
1,2026-05-25_12__88,0.02319879653841912,108,11,0.022023600761188186,-0.0011751957772309326
1,2026-05-25_12__89,0.0,7,1,0.0,0.0
1,2026-05-25_12__9,0.0,2,1,0.0,0.0
1,2026-05-25_12__99,0.007867652951218843,92,16,0.007867652951218843,0.0
1,2026-05-25_18__103,0.0008844012148614932,277,46,0.0008844012148614932,0.0
1,2026-05-25_18__13,0.03351282026489461,15,5,0.03351282026489461,0.0
1,2026-05-25_18__14,0.0,4,1,0.0,0.0
1,2026-05-25_18__15,0.0,14,1,0.0,0.0
1,2026-05-25_18__16,0.0,8,1,0.0,0.0
1,2026-05-25_18__18,0.0,1,2,0.0,0.0
1,2026-05-25_18__21,0.23204981851807963,1,1,0.23204981851807963,0.0
1,2026-05-25_18__22,0.0,6,3,0.0,0.0
1,2026-05-25_18__25,0.006390988774038352,452,67,0.001967388037080104,-0.004423600736958248
1,2026-05-25_18__35,-0.10435423760617926,68,7,0.0005684688734079289,0.1049227064795872
1,2026-05-25_18__56,0.00961543985254706,952,142,0.0077097331185188665,-0.0019057067340281938
1,2026-05-25_18__59,0.0,2,1,0.0,0.0
1,2026-05-25_18__60,0.0,1,1,0.0,0.0
1,2026-05-25_18__64,-0.006826083041706019,48,21,0.0005369139042863159,0.007362996945992335
1,2026-05-25_18__69,0.0,4,2,0.0,0.0
1,2026-05-25_18__75,0.022328083268917012,86,15,0.022328083268917012,0.0
1,2026-05-25_18__76,0.01778211940818462,282,51,0.01778211940818462,0.0
1,2026-05-25_18__77,0.0,2,1,0.0,0.0
1,2026-05-25_18__8,0.0709064878790867,4,1,0.0709064878790867,0.0
1,2026-05-25_18__94,0.013065526409776825,222,38,0.013065526409776825,0.0
1,2026-05-25_18__95,0.032239698288007546,4,1,0.032239698288007546,0.0
1,2026-05-25_18__96,0.0,9,2,0.0,0.0
1,2026-05-26_15__1,0.04765376529286666,55,10,0.061964784061654184,0.014311018768787523
1,2026-05-26_15__10,0.013225419380743269,28,1,0.013225419380743269,0.0
1,2026-05-26_15__100,0.026099898667238376,12,1,0.026099898667238376,0.0
1,2026-05-26_15__101,-0.08730672938833625,21,6,-0.08730672938833625,0.0
1,2026-05-26_15__102,0.00782927067257734,5,5,0.07570521693809548,0.06787594626551814
1,2026-05-26_15__103,0.024537683290355276,25,6,0.024537683290355276,0.0
1,2026-05-26_15__104,0.008119771482117937,361,94,0.012971395150330047,0.00485162366821211
1,2026-05-26_15__105,-0.011503871605833632,34,8,0.03087284962234918,0.04237672122818281
1,2026-05-26_15__107,0.0,4,3,0.0,0.0
1,2026-05-26_15__108,0.0,34,8,0.0,0.0
1,2026-05-26_15__110,0.0,11,5,0.0,0.0
1,2026-05-26_15__111,0.041565632296327336,16,1,0.041565632296327336,0.0
1,2026-05-26_15__112,0.009756874713312361,369,69,0.011834927984114368,0.002078053270802008
1,2026-05-26_15__114,0.0,3,1,0.0,0.0
1,2026-05-26_15__115,0.03621007142581429,18,6,0.03621007142581429,0.0
1,2026-05-26_15__117,0.0,1,1,0.0,0.0
1,2026-05-26_15__119,0.0,8,1,0.0,0.0
1,2026-05-26_15__12,0.0016241338495126421,4,3,0.0016241338495126421,0.0
1,2026-05-26_15__121,0.0,5,2,0.0,0.0
1,2026-05-26_15__123,0.0,4,3,0.0,0.0
1,2026-05-26_15__126,0.0,11,6,0.0,0.0
1,2026-05-26_15__127,0.03219381023700871,25,8,0.06152052746298329,0.029326717225974578
1,2026-05-26_15__131,0.0,3,1,0.0,0.0
1,2026-05-26_15__132,0.04179318447858872,1823,382,0.03321817564320018,-0.008575008835388536
1,2026-05-26_15__133,0.0,14,4,0.0,0.0
1,2026-05-26_15__135,0.0,5,2,0.0,0.0
1,2026-05-26_15__136,0.0,9,2,0.0,0.0
1,2026-05-26_15__137,0.057059417005565355,36,2,0.057059417005565355,0.0
1,2026-05-26_15__141,0.030488954535760854,387,96,0.033421100900225445,0.002932146364464589
1,2026-05-26_15__142,0.0,2,1,0.0,0.0
1,2026-05-26_15__143,0.0,13,5,0.0,0.0
1,2026-05-26_15__145,0.0,2,2,0.0,0.0
1,2026-05-26_15__146,0.0,13,5,0.0,0.0
1,2026-05-26_15__149,0.0241518879747338,26,3,0.0241518879747338,0.0
1,2026-05-26_15__150,0.09593153568444698,9,2,0.09593153568444698,0.0
1,2026-05-26_15__151,0.04289175130405462,18,2,0.04289175130405462,0.0
1,2026-05-26_15__152,0.0,7,1,0.0,0.0
1,2026-05-26_15__153,0.0,11,2,0.0,0.0
1,2026-05-26_15__155,0.026960570121382508,207,44,0.021901924928416933,-0.005058645192965574
1,2026-05-26_15__157,0.013633990782890765,240,60,0.02824929613120373,0.014615305348312964
1,2026-05-26_15__159,0.0,2,1,0.0,0.0
1,2026-05-26_15__16,0.04792539691770928,226,46,0.03902184704648017,-0.008903549871229105
1,2026-05-26_15__162,0.05236434851875505,18,3,0.05236434851875505,0.0
1,2026-05-26_15__164,0.0,2,1,0.0,0.0
1,2026-05-26_15__166,0.01060573832208776,42,7,0.01060573832208776,0.0
1,2026-05-26_15__167,0.02088065882161217,32,9,0.02088065882161217,0.0
1,2026-05-26_15__169,0.0954526453344819,7,1,0.0954526453344819,0.0
1,2026-05-26_15__17,0.0,7,1,0.0,0.0
1,2026-05-26_15__170,0.03566654883877951,18,9,0.018196648930429674,-0.01746989990834984
1,2026-05-26_15__171,0.0,12,1,0.0,0.0
1,2026-05-26_15__172,0.06447179237304904,25,6,0.06447179237304904,0.0
1,2026-05-26_15__173,0.03891153890345847,164,63,0.028296553432227634,-0.01061498547123084
1,2026-05-26_15__174,0.2884135745797049,14,1,0.0,-0.2884135745797049
1,2026-05-26_15__175,0.049072230517079624,35,11,0.049072230517079624,0.0
1,2026-05-26_15__178,0.015562581446617861,453,116,0.013866248897622818,-0.001696332548995044
1,2026-05-26_15__179,0.0,4,3,0.0,0.0
1,2026-05-26_15__18,0.052048803560532424,6,1,0.052048803560532424,0.0
1,2026-05-26_15__180,0.0,3,1,0.0,0.0
1,2026-05-26_15__181,0.05699396101916741,26,3,0.05699396101916741,0.0
1,2026-05-26_15__182,0.0,12,1,0.0,0.0
1,2026-05-26_15__183,0.0383985037493254,31,8,0.01544697671875168,-0.02295152703057372
1,2026-05-26_15__184,0.07104046156662358,426,97,0.011833424767968975,-0.0592070367986546
1,2026-05-26_15__187,0.0,7,4,0.0,0.0
1,2026-05-26_15__189,0.0,5,3,0.0,0.0
1,2026-05-26_15__19,0.0214974500112,75,40,0.050777782510865246,0.029280332499665246
1,2026-05-26_15__191,0.0,4,1,0.0,0.0
1,2026-05-26_15__192,0.0032767600575969416,16,4,-3.8767003763401364e-07,-0.0032771477276345756
1,2026-05-26_15__193,0.08737666295462979,9,1,0.08737666295462979,0.0
1,2026-05-26_15__194,0.02663171854349024,327,76,0.02973382284668818,0.003102104303197939
1,2026-05-26_15__196,0.0015135713801291088,354,72,0.01242467708198274,0.010911105701853632
1,2026-05-26_15__197,0.0,19,3,0.0,0.0
1,2026-05-26_15__20,0.029934158355858897,25,6,0.029934158355858897,0.0
1,2026-05-26_15__200,0.0,10,1,0.0,0.0
1,2026-05-26_15__201,0.0,11,3,0.0,0.0
1,2026-05-26_15__203,0.05233440688895072,8,2,0.05233440688895072,0.0
1,2026-05-26_15__205,0.011433514667463729,268,52,0.006151023915706884,-0.005282490751756846
1,2026-05-26_15__206,0.00795809499077967,69,15,0.01667793581403729,0.00871984082325762
1,2026-05-26_15__208,0.0,9,2,0.0,0.0
1,2026-05-26_15__21,0.08210918547025317,75,15,0.06387889127883013,-0.01823029419142304
1,2026-05-26_15__210,0.0,5,2,0.0,0.0
1,2026-05-26_15__212,0.0,8,1,0.0,0.0
1,2026-05-26_15__214,0.0,9,2,0.0,0.0
1,2026-05-26_15__215,0.029013101284813304,296,55,0.014750648939308315,-0.014262452345504991
1,2026-05-26_15__22,0.07839251752000852,52,20,0.07839251752000852,0.0
1,2026-05-26_15__23,0.03745427498624562,20,8,0.02605522013078418,-0.011399054855461443
1,2026-05-26_15__24,0.3030309294414292,2,2,0.3160644823682171,0.0130335529267879
1,2026-05-26_15__25,0.0,13,3,0.0,0.0
1,2026-05-26_15__26,0.030571147149389466,103,20,0.018845919691286364,-0.011725227458103104
1,2026-05-26_15__27,-0.034013954780775006,18,12,-0.034013954780775006,0.0
1,2026-05-26_15__28,0.022701216934175344,286,67,0.020174252604235214,-0.0025269643299401312
1,2026-05-26_15__29,-0.05889525512009072,54,16,0.002530925743224207,0.06142618086331493
1,2026-05-26_15__31,0.0,5,2,0.0,0.0
1,2026-05-26_15__35,0.0,9,1,0.0,0.0
1,2026-05-26_15__36,0.04544441136497987,281,62,0.024773069456396263,-0.02067134190858361
1,2026-05-26_15__38,0.0661314141779168,12,2,0.0661314141779168,0.0
1,2026-05-26_15__4,0.09881847256672269,5,1,0.09881847256672269,0.0
1,2026-05-26_15__42,0.10558645772665934,9,2,0.10558645772665934,0.0
1,2026-05-26_15__43,-0.029134903810012217,21,4,-0.029134903810012217,0.0
1,2026-05-26_15__49,0.00488078896197968,16,4,0.00488078896197968,0.0
1,2026-05-26_15__5,0.0,16,3,0.0,0.0
1,2026-05-26_15__50,0.17714954520058368,13,3,0.0210173558828762,-0.15613218931770748
1,2026-05-26_15__52,0.0,3,1,0.0,0.0
1,2026-05-26_15__53,0.0,4,1,0.0,0.0
1,2026-05-26_15__54,0.0,7,1,0.0,0.0
1,2026-05-26_15__55,0.0,5,1,0.0,0.0
1,2026-05-26_15__56,0.0,9,2,0.0,0.0
1,2026-05-26_15__57,0.006376415830790302,203,38,0.007403029566717252,0.0010266137359269502
1,2026-05-26_15__58,0.0,14,3,0.0,0.0
1,2026-05-26_15__6,0.08233486346671356,6,4,0.08233486346671356,0.0
1,2026-05-26_15__60,0.004336085663960766,3,1,0.004336085663960766,0.0
1,2026-05-26_15__67,0.0,5,1,0.0,0.0
1,2026-05-26_15__7,0.032287714508831215,320,67,0.027050084648444522,-0.005237629860386691
1,2026-05-26_15__72,0.08457369328751996,6,2,0.08457369328751996,0.0
1,2026-05-26_15__73,0.0460312529190821,13,6,0.0460312529190821,0.0
1,2026-05-26_15__74,0.021049979785315198,193,38,0.0244743590301115,0.0034243792447963047
1,2026-05-26_15__75,0.0,8,2,0.0,0.0
1,2026-05-26_15__76,0.0,12,4,0.0,0.0
1,2026-05-26_15__77,-0.001859500424864622,14,4,-0.001859500424864622,0.0
1,2026-05-26_15__79,0.0,2,1,0.0,0.0
1,2026-05-26_15__8,0.14460172620354136,42,13,0.0037121202542247642,-0.1408896059493166
1,2026-05-26_15__81,0.0,3,1,0.0,0.0
1,2026-05-26_15__82,0.013134573568386198,237,39,0.013134573568386198,0.0
1,2026-05-26_15__83,0.0,36,4,0.0,0.0
1,2026-05-26_15__84,-0.024061550294784698,23,6,0.060596739542512476,0.08465828983729717
1,2026-05-26_15__85,-0.058629868482317174,24,9,-0.015201559608893111,0.04342830887342406
1,2026-05-26_15__86,0.01954062593854671,2,2,0.01954062593854671,0.0
1,2026-05-26_15__87,-0.0027378805766894764,101,28,0.005875515126851374,0.00861339570354085
1,2026-05-26_15__88,0.0608439827834374,21,3,0.0608439827834374,0.0
1,2026-05-26_15__90,0.0054330617454428016,12,5,0.0054330617454428016,0.0
1,2026-05-26_15__91,0.00982349973511623,304,64,0.00982349973511623,0.0
1,2026-05-26_15__92,0.1894052208513884,20,4,0.12409274309845113,-0.06531247775293726
1,2026-05-26_15__94,0.003262985540358394,8,1,0.003262985540358394,0.0
1,2026-05-26_15__95,-0.006437220855397685,413,106,0.006727645870162171,0.013164866725559856
1,2026-05-26_15__96,0.003816855407459038,41,6,0.003816855407459038,0.0
1,2026-05-26_21__105,0.015397581624048372,53,4,0.015397581624048372,0.0
1,2026-05-26_21__108,0.006746681608201128,78,8,0.006746681608201128,0.0
1,2026-05-26_21__11,0.012222543367955639,175,20,0.012222543367955639,0.0
1,2026-05-26_21__114,0.017847179322129918,73,9,0.017847179322129918,0.0
1,2026-05-26_21__116,0.0052273874327751066,73,10,0.0052273874327751066,0.0
1,2026-05-26_21__118,0.0,1,1,0.0,0.0
1,2026-05-26_21__120,0.0,14,2,0.0,0.0
1,2026-05-26_21__122,0.015593121323908084,136,17,0.018692005861172954,0.00309888453726487
1,2026-05-26_21__123,0.0,11,2,0.0,0.0
1,2026-05-26_21__124,0.0,7,1,0.0,0.0
1,2026-05-26_21__125,0.011463627001143943,85,9,0.011463627001143943,0.0
1,2026-05-26_21__127,0.0,53,7,0.0,0.0
1,2026-05-26_21__129,0.0,3,2,0.0,0.0
1,2026-05-26_21__13,0.0,2,1,0.0,0.0
1,2026-05-26_21__134,0.016651220586922238,106,13,0.016651220586922238,0.0
1,2026-05-26_21__136,0.0,1,1,0.0,0.0
1,2026-05-26_21__137,0.0,23,8,0.0,0.0
1,2026-05-26_21__141,-0.017566561483980635,143,17,0.004148108757253533,0.021714670241234166
1,2026-05-26_21__142,0.0,16,2,0.0,0.0
1,2026-05-26_21__143,0.00822681203399384,133,14,0.00822681203399384,0.0
1,2026-05-26_21__15,-0.02061385712012486,164,13,0.01180093060730314,0.032414787727428
1,2026-05-26_21__2,0.002486114003019165,122,24,0.008514520852495688,0.006028406849476523
1,2026-05-26_21__21,0.0,2,2,0.0,0.0
1,2026-05-26_21__23,0.0,6,1,0.0,0.0
1,2026-05-26_21__24,-0.028047131850761967,348,57,0.018183544174519135,0.0462306760252811
1,2026-05-26_21__26,0.003431865205302913,169,28,0.003431865205302913,0.0
1,2026-05-26_21__28,0.0004683252673616728,169,22,0.0004683252673616728,0.0
1,2026-05-26_21__30,0.006535020868395606,133,24,0.006535020868395606,0.0
1,2026-05-26_21__34,0.0,10,1,0.0,0.0
1,2026-05-26_21__35,0.015032128703696931,127,19,0.015032128703696931,0.0
1,2026-05-26_21__39,0.040276109772472445,17,1,0.040276109772472445,0.0
1,2026-05-26_21__4,0.01855046844376329,183,30,0.01855046844376329,0.0
1,2026-05-26_21__41,0.010110152269436679,112,14,0.010110152269436679,0.0
1,2026-05-26_21__42,0.0,18,4,0.0,0.0
1,2026-05-26_21__48,0.0,3,1,0.0,0.0
1,2026-05-26_21__5,0.020175726755475517,151,22,0.020175726755475517,0.0
1,2026-05-26_21__50,0.0032897810190318823,98,18,0.0032897810190318823,0.0
1,2026-05-26_21__53,0.0037405828092165246,133,22,0.012712624312923504,0.008972041503706979
1,2026-05-26_21__55,0.006917210948397175,97,14,0.006917210948397175,0.0
1,2026-05-26_21__57,0.0,1,1,0.0,0.0
1,2026-05-26_21__59,0.0,12,2,0.0,0.0
1,2026-05-26_21__6,0.0,12,2,0.0,0.0
1,2026-05-26_21__62,0.0,1,1,0.0,0.0
1,2026-05-26_21__63,0.011410739647847844,83,12,0.011410739647847844,0.0
1,2026-05-26_21__64,0.0,10,1,0.0,0.0
1,2026-05-26_21__68,0.0,5,2,0.0,0.0
1,2026-05-26_21__74,0.0019486523765607513,81,10,0.0019486523765607513,0.0
1,2026-05-26_21__76,0.0,97,13,0.0,0.0
1,2026-05-26_21__78,0.019272249393290985,145,22,0.027046310306185265,0.007774060912894281
1,2026-05-26_21__80,0.007374704475876997,91,12,0.007374704475876997,0.0
1,2026-05-26_21__83,0.015707022612722547,93,12,0.015707022612722547,0.0
1,2026-05-26_21__85,0.018416685592255823,10,3,0.018416685592255823,0.0
1,2026-05-26_21__86,0.00254169871379235,88,8,0.00254169871379235,0.0
1,2026-05-26_21__88,0.0,6,1,0.0,0.0
1,2026-05-26_21__91,0.004428927282936123,104,11,0.004428927282936123,0.0
1,2026-05-26_21__93,0.0,5,1,0.0,0.0
1,2026-05-26_21__95,0.0,10,1,0.0,0.0
1,2026-05-26_21__96,0.016852471367715942,114,12,0.016852471367715942,0.0
1,2026-05-26_21__99,0.0,2,2,0.0,0.0
3,2026-05-25_04__103,0.10360325650973715,4,1,0.10360325650973715,0.0
3,2026-05-25_04__106,0.0,7,1,0.0,0.0
3,2026-05-25_04__108,0.0,5,1,0.0,0.0
3,2026-05-25_04__11,-0.04919213793458682,88,6,0.0265670612343997,0.07575919916898652
3,2026-05-25_04__113,0.06705856890489494,160,18,0.008160358320071783,-0.058898210584823155
3,2026-05-25_04__116,0.0,8,2,0.0,0.0
3,2026-05-25_04__120,0.22624396790639495,8,1,0.22624396790639495,0.0
3,2026-05-25_04__31,0.002047715593522681,375,29,0.03562812704123046,0.03358041144770778
3,2026-05-25_04__46,0.0,3,1,0.0,0.0
3,2026-05-25_04__49,0.0,8,1,0.0,0.0
3,2026-05-25_04__5,0.0,1,1,0.0,0.0
3,2026-05-25_04__65,0.0,4,1,0.0,0.0
3,2026-05-25_04__73,0.0,7,1,0.0,0.0
3,2026-05-25_04__76,0.051442912616571364,98,13,0.0075424853705421315,-0.04390042724602923
3,2026-05-25_04__8,0.0,2,1,0.0,0.0
3,2026-05-25_04__83,0.04539479529198189,6,1,0.04539479529198189,0.0
3,2026-05-25_04__85,0.01809797713798916,350,27,0.01809797713798916,0.0
3,2026-05-25_04__87,0.07771227257616098,15,5,0.07771227257616098,0.0
3,2026-05-25_04__95,0.01393249784244692,191,35,0.01393249784244692,0.0
3,2026-05-25_12__102,-0.07776083016464777,15,4,0.0224113628544172,0.10017219301906498
3,2026-05-25_12__108,0.0,1,1,0.0,0.0
3,2026-05-25_12__110,0.034249075069738025,121,23,0.02469021881614399,-0.009558856253594037
3,2026-05-25_12__121,-0.012327823017516731,64,16,-0.012327823017516731,0.0
3,2026-05-25_12__123,0.0,5,1,0.0,0.0
3,2026-05-25_12__13,0.0,6,1,0.0,0.0
3,2026-05-25_12__144,0.0,2,1,0.0,0.0
3,2026-05-25_12__146,0.0,4,1,0.0,0.0
3,2026-05-25_12__155,0.0,83,8,0.0,0.0
3,2026-05-25_12__16,0.0,6,1,0.0,0.0
3,2026-05-25_12__167,0.005011697751515755,80,10,0.005011697751515755,0.0
3,2026-05-25_12__178,0.0,65,7,0.0,0.0
3,2026-05-25_12__181,0.04373896538712047,17,10,0.10390683415109574,0.060167868763975264
3,2026-05-25_12__183,0.0,9,1,0.0,0.0
3,2026-05-25_12__185,0.0,2,1,0.0,0.0
3,2026-05-25_12__187,0.03778450978342937,113,18,0.05072024275083814,0.012935732967408768
3,2026-05-25_12__188,0.10709484067168941,18,1,0.12003197847301258,0.01293713780132318
3,2026-05-25_12__189,0.0,11,1,0.0,0.0
3,2026-05-25_12__19,0.0,103,27,0.0,0.0
3,2026-05-25_12__190,0.0,5,1,0.0,0.0
3,2026-05-25_12__191,0.0,5,1,0.0,0.0
3,2026-05-25_12__194,0.0,5,3,0.0,0.0
3,2026-05-25_12__198,0.3704392432639079,8,3,0.15043048173827137,-0.22000876152563656
3,2026-05-25_12__199,0.0,12,2,0.0,0.0
3,2026-05-25_12__20,0.0,6,1,0.0,0.0
3,2026-05-25_12__205,0.0,10,1,0.0,0.0
3,2026-05-25_12__211,0.0,5,1,0.0,0.0
3,2026-05-25_12__212,0.021503549288948275,122,17,0.021503549288948275,0.0
3,2026-05-25_12__214,0.0,4,1,0.0,0.0
3,2026-05-25_12__224,0.0,1,1,0.0,0.0
3,2026-05-25_12__226,0.0,5,1,0.0,0.0
3,2026-05-25_12__23,-0.05390525267034622,12,3,0.0539036711055104,0.10780892377585662
3,2026-05-25_12__234,0.01731817140960557,56,5,0.01731817140960557,0.0
3,2026-05-25_12__27,0.012200334079502802,114,18,0.012200334079502802,0.0
3,2026-05-25_12__28,0.0,13,1,0.0,0.0
3,2026-05-25_12__29,0.0,14,1,0.0,0.0
3,2026-05-25_12__3,0.0,11,1,0.0,0.0
3,2026-05-25_12__31,0.0,3,1,0.0,0.0
3,2026-05-25_12__32,0.0,125,19,0.0,0.0
3,2026-05-25_12__33,0.0,10,1,0.0,0.0
3,2026-05-25_12__34,0.0,5,1,0.0,0.0
3,2026-05-25_12__35,0.0,9,1,0.0,0.0
3,2026-05-25_12__38,0.0,2,1,0.0,0.0
3,2026-05-25_12__48,0.017243694574022812,6,1,0.017243694574022812,0.0
3,2026-05-25_12__50,0.0,3,1,0.0,0.0
3,2026-05-25_12__55,0.0,10,1,0.0,0.0
3,2026-05-25_12__57,0.0,14,1,0.0,0.0
3,2026-05-25_12__63,0.0,5,2,0.0,0.0
3,2026-05-25_12__65,0.0,7,2,0.0,0.0
3,2026-05-25_12__67,0.003907127374027203,453,110,0.018484014253661245,0.014576886879634042
3,2026-05-25_12__68,0.0,1,1,0.0,0.0
3,2026-05-25_12__7,0.0,2,1,0.0,0.0
3,2026-05-25_12__76,0.0,3,1,0.0,0.0
3,2026-05-25_12__77,0.028173459332284413,1842,238,0.02184591871617991,-0.006327540616104505
3,2026-05-25_12__88,0.0853642953734562,108,10,0.04787716428409724,-0.037487131089358965
3,2026-05-25_12__89,0.0,7,1,0.0,0.0
3,2026-05-25_12__9,0.0,2,1,0.0,0.0
3,2026-05-25_12__99,0.018264087556392024,92,16,0.018264087556392024,0.0
3,2026-05-25_18__103,0.003053915290752194,277,46,0.008101241969978601,0.005047326679226407
3,2026-05-25_18__13,0.04124654801841839,15,5,0.04124654801841839,0.0
3,2026-05-25_18__14,0.0,4,1,0.0,0.0
3,2026-05-25_18__15,0.0,14,1,0.0,0.0
3,2026-05-25_18__16,0.0,8,1,0.0,0.0
3,2026-05-25_18__18,0.0,1,2,0.0,0.0
3,2026-05-25_18__22,0.0,6,3,0.0,0.0
3,2026-05-25_18__25,0.014328509832850111,452,67,0.005673802393685009,-0.008654707439165101
3,2026-05-25_18__35,-0.10435423760617926,68,7,0.0005684688734079289,0.1049227064795872
3,2026-05-25_18__56,0.014084485040506571,952,142,0.018532808506982558,0.004448323466475986
3,2026-05-25_18__59,0.0,2,1,0.0,0.0
3,2026-05-25_18__60,0.0,1,1,0.0,0.0
3,2026-05-25_18__64,0.007402428893185375,47,20,0.007402428893185375,0.0
3,2026-05-25_18__69,0.0,4,2,0.0,0.0
3,2026-05-25_18__75,0.017752509397358746,86,15,0.04180871672580661,0.024056207328447866
3,2026-05-25_18__76,0.0336670581477862,282,51,0.0336670581477862,0.0
3,2026-05-25_18__77,0.0,2,1,0.0,0.0
3,2026-05-25_18__8,0.18908396767756452,3,1,0.18908396767756452,0.0
3,2026-05-25_18__94,0.028627487393683423,222,38,0.028627487393683423,0.0
3,2026-05-25_18__95,0.10316749186214308,4,1,0.10316749186214308,0.0
3,2026-05-25_18__96,0.0,9,1,0.0,0.0
3,2026-05-26_15__1,0.07602510019640116,55,10,0.14367718892207765,0.06765208872567649
3,2026-05-26_15__10,-0.02203966284382156,28,1,-0.02203966284382156,0.0
3,2026-05-26_15__100,0.028472616727896412,11,1,0.028472616727896412,0.0
3,2026-05-26_15__101,0.21919892378455877,21,6,-0.08637462907461815,-0.3055735528591769
3,2026-05-26_15__102,-0.06787851554713661,5,5,0.07570521693809548,0.1435837324852321
3,2026-05-26_15__103,0.057101868636546656,24,6,0.057101868636546656,0.0
3,2026-05-26_15__104,0.0038657698812484265,361,94,0.016082078173359965,0.012216308292111538
3,2026-05-26_15__105,0.08783119129857643,34,8,0.0976115397207396,0.009780348422163174
3,2026-05-26_15__107,0.0,3,3,0.0,0.0
3,2026-05-26_15__108,0.004741340046111071,33,8,0.004741340046111071,0.0
3,2026-05-26_15__110,0.0,11,5,0.0,0.0
3,2026-05-26_15__111,-1.5464288826623356,15,1,0.01825413537650366,1.5646830180388391
3,2026-05-26_15__112,0.01280985631186092,368,69,0.014134047074132712,0.001324190762271792
3,2026-05-26_15__114,0.0,3,1,0.0,0.0
3,2026-05-26_15__115,0.03621007142581429,18,6,0.03621007142581429,0.0
3,2026-05-26_15__117,0.0,1,1,0.0,0.0
3,2026-05-26_15__119,0.0,7,1,0.0,0.0
3,2026-05-26_15__12,0.0016241338495126421,4,3,0.0016241338495126421,0.0
3,2026-05-26_15__121,0.0,5,2,0.0,0.0
3,2026-05-26_15__123,0.0,4,3,0.0,0.0
3,2026-05-26_15__126,0.0,11,6,0.0,0.0
3,2026-05-26_15__127,-0.06986055637621812,25,8,0.09958269870705884,0.16944325508327696
3,2026-05-26_15__132,0.09285291681205349,1823,382,0.0758083191612666,-0.017044597650786888
3,2026-05-26_15__133,0.1046756657208512,14,4,0.1046756657208512,0.0
3,2026-05-26_15__135,0.0,4,2,0.0,0.0
3,2026-05-26_15__136,0.0,8,2,0.0,0.0
3,2026-05-26_15__137,-0.6169874172908629,35,2,0.1091563081408374,0.7261437254317004
3,2026-05-26_15__141,-0.02734502332961386,387,95,0.03482073372654525,0.06216575705615911
3,2026-05-26_15__142,0.0,1,1,0.0,0.0
3,2026-05-26_15__143,0.0,13,5,0.0,0.0
3,2026-05-26_15__145,0.0,1,2,0.0,0.0
3,2026-05-26_15__146,0.0,13,5,0.0,0.0
3,2026-05-26_15__149,0.13657183734602135,25,3,0.07116982754226008,-0.06540200980376128
3,2026-05-26_15__150,0.642419371581913,9,2,0.19767697880224613,-0.4447423927796668
3,2026-05-26_15__151,0.03772240246383987,17,2,0.03772240246383987,0.0
3,2026-05-26_15__152,0.0,7,1,0.0,0.0
3,2026-05-26_15__153,0.0,11,2,0.0,0.0
3,2026-05-26_15__155,0.07740974044491043,207,44,0.05540371378211977,-0.022006026662790664
3,2026-05-26_15__157,0.024526899259928,239,60,0.06749511227433497,0.04296821301440697
3,2026-05-26_15__159,0.0,2,1,0.0,0.0
3,2026-05-26_15__16,0.11924758389077542,226,46,0.060616248982219886,-0.05863133490855554
3,2026-05-26_15__162,0.05236434851875505,18,3,0.05236434851875505,0.0
3,2026-05-26_15__164,0.0,2,1,0.0,0.0
3,2026-05-26_15__166,0.010864414866528924,41,7,0.010864414866528924,0.0
3,2026-05-26_15__167,0.02088065882161217,32,9,0.02088065882161217,0.0
3,2026-05-26_15__169,0.13363370346827466,5,1,0.13363370346827466,0.0
3,2026-05-26_15__17,0.0,7,1,0.0,0.0
3,2026-05-26_15__170,0.04444414775233678,17,9,0.026974247843986943,-0.01746989990834984
3,2026-05-26_15__171,0.0,11,1,0.0,0.0
3,2026-05-26_15__172,0.15252848250606718,25,6,0.15252848250606718,0.0
3,2026-05-26_15__173,0.09319281709510596,164,63,0.0663448803025801,-0.026847936792525867
3,2026-05-26_15__174,0.2884135745797049,13,1,0.0,-0.2884135745797049
3,2026-05-26_15__175,0.14344589587514286,34,11,0.14344589587514286,0.0
3,2026-05-26_15__178,0.03696055182728468,452,116,0.03356697332538843,-0.0033935785018962506
3,2026-05-26_15__179,0.0,3,3,0.0,0.0
3,2026-05-26_15__18,-0.6734073024333541,4,1,0.43266431505324776,1.1060716174866019
3,2026-05-26_15__181,0.0882663400321507,26,3,0.0882663400321507,0.0
3,2026-05-26_15__182,0.0,12,1,0.0,0.0
3,2026-05-26_15__183,0.17114706595276513,30,8,0.06622579952694448,-0.10492126642582066
3,2026-05-26_15__184,0.14716959090195267,425,97,0.027669485715781972,-0.1195001051861707
3,2026-05-26_15__187,0.0,6,4,0.0,0.0
3,2026-05-26_15__189,0.0,5,3,0.0,0.0
3,2026-05-26_15__19,0.11875273022367402,75,40,0.13809685592640966,0.019344125702735637
3,2026-05-26_15__191,-0.22285919166311155,4,1,-0.22285919166311155,0.0
3,2026-05-26_15__192,0.09874726588557735,15,4,0.03320618856964068,-0.06554107731593667
3,2026-05-26_15__194,0.1028029526733523,327,76,0.057886019178790715,-0.04491693349456157
3,2026-05-26_15__196,0.0013451022782988882,354,71,0.018490437561481946,0.017145335283183058
3,2026-05-26_15__197,0.0,18,3,0.0,0.0
3,2026-05-26_15__20,-0.10401499156448141,25,6,0.0825009875415176,0.186515979105999
3,2026-05-26_15__200,0.0,10,1,0.0,0.0
3,2026-05-26_15__201,0.0,11,3,0.0,0.0
3,2026-05-26_15__203,0.06977848166846545,6,2,0.06977848166846545,0.0
3,2026-05-26_15__205,0.021060800565810937,267,52,0.015778309814054092,-0.005282490751756846
3,2026-05-26_15__206,0.11249421116230979,69,15,0.0593212315917561,-0.0531729795705537
3,2026-05-26_15__208,0.0,9,2,0.0,0.0
3,2026-05-26_15__21,0.0684999541806855,74,15,0.20647265585371113,0.13797270167302564
3,2026-05-26_15__210,0.0,5,1,0.0,0.0
3,2026-05-26_15__212,0.0,8,1,0.0,0.0
3,2026-05-26_15__214,0.0,9,2,0.0,0.0
3,2026-05-26_15__215,0.07744760306829429,295,55,0.030623276692864007,-0.046824326375430284
3,2026-05-26_15__22,0.04406246267631911,52,19,0.1427599885152307,0.09869752583891159
3,2026-05-26_15__23,0.042008847503509916,20,8,0.030614842072968756,-0.011394005430541157
3,2026-05-26_15__24,-0.2671852019582246,2,2,1.0231365378136923,1.2903217397719169
3,2026-05-26_15__25,0.007107107966811236,11,3,0.007107107966811236,0.0
3,2026-05-26_15__26,0.0546855739947668,102,20,0.08008438803780121,0.02539881404303441
3,2026-05-26_15__27,-0.05897628339229177,18,12,-0.08394765859635579,-0.02497137520406402
3,2026-05-26_15__28,0.01926825145931422,284,67,0.033845301027837386,0.014577049568523168
3,2026-05-26_15__29,-0.030796466148965168,52,16,0.039172428609284715,0.06996889475824988
3,2026-05-26_15__31,0.0,5,2,0.0,0.0
3,2026-05-26_15__35,0.0,9,1,0.0,0.0
3,2026-05-26_15__36,0.09795287597710425,281,62,0.04087080728406337,-0.05708206869304089
3,2026-05-26_15__38,0.0661314141779168,12,2,0.0661314141779168,0.0
3,2026-05-26_15__4,0.2828018562497454,4,1,0.2828018562497454,0.0
3,2026-05-26_15__42,0.1952615367111974,9,2,0.1952615367111974,0.0
3,2026-05-26_15__43,0.14797171563323824,21,4,-0.004966222151513951,-0.1529379377847522
3,2026-05-26_15__49,0.185018013628643,15,4,0.0711412517111145,-0.1138767619175285
3,2026-05-26_15__5,0.0,16,3,0.0,0.0
3,2026-05-26_15__50,0.20925883914843166,12,3,0.05312664983072418,-0.15613218931770748
3,2026-05-26_15__52,0.0,3,1,0.0,0.0
3,2026-05-26_15__53,0.0,4,1,0.0,0.0
3,2026-05-26_15__54,0.0,7,1,0.0,0.0
3,2026-05-26_15__55,0.0,5,1,0.0,0.0
3,2026-05-26_15__56,0.0,9,2,0.0,0.0
3,2026-05-26_15__57,-0.01324107001248552,202,38,0.023057870946420207,0.03629894095890573
3,2026-05-26_15__58,0.0,14,3,0.0,0.0
3,2026-05-26_15__6,0.08450146892690209,6,4,0.08450146892690209,0.0
3,2026-05-26_15__60,0.004336085663960766,3,1,0.004336085663960766,0.0
3,2026-05-26_15__67,0.0,5,1,0.0,0.0
3,2026-05-26_15__7,0.05789852153229063,320,67,0.05227226178688936,-0.005626259745401267
3,2026-05-26_15__72,0.0932479182402884,6,1,0.0932479182402884,0.0
3,2026-05-26_15__73,0.0460312529190821,13,6,0.0460312529190821,0.0
3,2026-05-26_15__74,0.02872110626251065,193,38,0.04686192750700092,0.01814082124449027
3,2026-05-26_15__75,0.0,8,2,0.0,0.0
3,2026-05-26_15__76,0.0,12,3,0.0,0.0
3,2026-05-26_15__77,0.03718787380202425,14,4,0.03718787380202425,0.0
3,2026-05-26_15__79,0.0,2,1,0.0,0.0
3,2026-05-26_15__8,0.2225554052572076,42,13,0.0037121202542247642,-0.21884328500298283
3,2026-05-26_15__81,0.0,2,1,0.0,0.0
3,2026-05-26_15__82,0.0027382710409231004,236,39,0.016445163148238462,0.013706892107315361
3,2026-05-26_15__83,0.0,36,4,0.0,0.0
3,2026-05-26_15__84,-0.22518239366215964,23,6,0.09174351188319325,0.3169259055453529
3,2026-05-26_15__85,-0.07231941921868044,23,9,-0.015862496983192812,0.05645692223548763
3,2026-05-26_15__86,0.01954062593854671,2,2,0.01954062593854671,0.0
3,2026-05-26_15__87,0.005130308413304542,101,28,0.018399526888240366,0.013269218474935824
3,2026-05-26_15__88,0.11212398091195339,20,3,0.11212398091195339,0.0
3,2026-05-26_15__90,-0.12707524220975766,11,5,0.005926976449573965,0.13300221865933162
3,2026-05-26_15__91,0.020912342302059263,303,64,0.025394578390016194,0.0044822360879569305
3,2026-05-26_15__92,0.5979243473077842,20,4,0.3366897916836578,-0.26123455562412634
3,2026-05-26_15__94,0.18110311055659972,8,1,0.18110311055659972,0.0
3,2026-05-26_15__95,0.019449411318186362,413,106,0.020923975968676536,0.0014745646504901722
3,2026-05-26_15__96,0.02258923336392851,41,6,0.02258923336392851,0.0
3,2026-05-26_21__105,0.025827536265037573,53,4,0.025827536265037573,0.0
3,2026-05-26_21__108,0.006746681608201128,78,8,0.006746681608201128,0.0
3,2026-05-26_21__11,-0.0009390147411482974,175,20,0.021436310276861728,0.022375325018010025
3,2026-05-26_21__114,0.015603568081572027,73,9,0.021452933611988197,0.00584936553041617
3,2026-05-26_21__116,0.006128801091872846,73,10,0.006128801091872846,0.0
3,2026-05-26_21__118,0.0,1,1,0.0,0.0
3,2026-05-26_21__120,0.0,13,2,0.0,0.0
3,2026-05-26_21__122,-0.0036733066033296582,136,17,0.01259548822995717,0.016268794833286828
3,2026-05-26_21__123,0.0,11,2,0.0,0.0
3,2026-05-26_21__124,0.0,7,1,0.0,0.0
3,2026-05-26_21__125,0.081076241055148,85,9,0.024011881895455348,-0.05706435915969266
3,2026-05-26_21__127,0.0,53,7,0.0,0.0
3,2026-05-26_21__129,0.0,3,2,0.0,0.0
3,2026-05-26_21__13,0.0,2,1,0.0,0.0
3,2026-05-26_21__134,0.030195465274749665,106,13,0.030195465274749665,0.0
3,2026-05-26_21__136,0.0,1,1,0.0,0.0
3,2026-05-26_21__137,0.0,23,8,0.0,0.0
3,2026-05-26_21__141,0.0018104013359710805,143,17,0.02507614909954522,0.02326574776357414
3,2026-05-26_21__142,0.029667076072244516,16,2,0.029667076072244516,0.0
3,2026-05-26_21__143,0.009119289773318088,133,14,0.009119289773318088,0.0
3,2026-05-26_21__15,-0.011736391329098546,164,13,0.03283213326979543,0.044568524598893974
3,2026-05-26_21__2,0.013910459759599404,122,24,0.019938866609075928,0.006028406849476523
3,2026-05-26_21__21,0.0,1,2,0.0,0.0
3,2026-05-26_21__23,0.0,6,1,0.0,0.0
3,2026-05-26_21__24,0.0018502863144877618,348,57,0.06079496844620915,0.05894468213172139
3,2026-05-26_21__26,0.006629771824839109,169,27,0.006629771824839109,0.0
3,2026-05-26_21__28,0.029268291106827264,169,22,-7.759269407467802e-05,-0.02934588380090194
3,2026-05-26_21__30,0.008614723865130128,133,24,0.008614723865130128,0.0
3,2026-05-26_21__34,0.0,10,1,0.0,0.0
3,2026-05-26_21__35,0.058756141009754,127,19,0.04281525314871647,-0.01594088786103753
3,2026-05-26_21__39,0.040276109772472445,17,1,0.040276109772472445,0.0
3,2026-05-26_21__4,0.029336490755893275,183,30,0.029336490755893275,0.0
3,2026-05-26_21__41,0.021395651306011784,112,14,0.021395651306011784,0.0
3,2026-05-26_21__42,0.0,18,4,0.0,0.0
3,2026-05-26_21__48,0.0,3,1,0.0,0.0
3,2026-05-26_21__5,0.02802754258977092,151,22,0.04597382183854206,0.01794627924877114
3,2026-05-26_21__50,0.00020101838668135766,98,18,0.00020101838668135766,0.0
3,2026-05-26_21__53,0.016403592231774473,133,22,0.02537563373548145,0.008972041503706979
3,2026-05-26_21__55,0.011257329421496513,97,14,0.011257329421496513,0.0
3,2026-05-26_21__57,0.0,1,1,0.0,0.0
3,2026-05-26_21__59,0.0,12,2,0.0,0.0
3,2026-05-26_21__6,0.0,12,2,0.0,0.0
3,2026-05-26_21__63,0.034707985765690084,83,12,0.034707985765690084,0.0
3,2026-05-26_21__64,0.0,10,1,0.0,0.0
3,2026-05-26_21__68,0.0,5,2,0.0,0.0
3,2026-05-26_21__74,0.0019486523765607513,81,10,0.0019486523765607513,0.0
3,2026-05-26_21__76,0.0032547885720992744,97,13,0.0032547885720992744,0.0
3,2026-05-26_21__78,0.07529300851456563,145,21,0.05209906634692843,-0.0231939421676372
3,2026-05-26_21__80,0.007374704475876997,91,12,0.007374704475876997,0.0
3,2026-05-26_21__83,0.0162726672629713,93,12,0.0162726672629713,0.0
3,2026-05-26_21__85,-0.01841663021681831,10,3,0.03420245169846758,0.05261908191528589
3,2026-05-26_21__86,0.006578161306274571,88,8,0.006578161306274571,0.0
3,2026-05-26_21__88,0.0,6,1,0.0,0.0
3,2026-05-26_21__91,0.011009199367494374,104,11,0.011009199367494374,0.0
3,2026-05-26_21__93,0.0,5,1,0.0,0.0
3,2026-05-26_21__95,0.07239141575632431,10,1,0.07239141575632431,0.0
3,2026-05-26_21__96,0.0435493391708417,113,12,0.0435493391708417,0.0
3,2026-05-26_21__99,0.0,2,2,0.0,0.0
5,2026-05-25_04__103,0.10360325650973715,4,1,0.10360325650973715,0.0
5,2026-05-25_04__106,0.0,7,1,0.0,0.0
5,2026-05-25_04__108,0.0,5,1,0.0,0.0
5,2026-05-25_04__11,-0.03185168757935214,88,6,0.04390751158963438,0.07575919916898652
5,2026-05-25_04__113,0.06448295099214552,159,18,0.017074295934626695,-0.047408655057518824
5,2026-05-25_04__116,0.0,8,2,0.0,0.0
5,2026-05-25_04__120,0.22140121774956623,8,1,0.38946073150205857,0.16805951375249234
5,2026-05-25_04__31,0.01658480583433878,374,29,0.05016521728204656,0.03358041144770778
5,2026-05-25_04__46,0.0,2,1,0.0,0.0
5,2026-05-25_04__49,0.0,8,1,0.0,0.0
5,2026-05-25_04__5,0.0,1,1,0.0,0.0
5,2026-05-25_04__65,0.0,4,1,0.0,0.0
5,2026-05-25_04__73,0.0,7,1,0.0,0.0
5,2026-05-25_04__76,0.05760929427798357,97,13,0.014706342670540202,-0.04290295160744337
5,2026-05-25_04__8,0.0,2,1,0.0,0.0
5,2026-05-25_04__83,0.04539479529198189,6,1,0.04539479529198189,0.0
5,2026-05-25_04__85,0.020283497759381108,350,27,0.020283497759381108,0.0
5,2026-05-25_04__87,0.09344015590668041,14,5,0.09344015590668041,0.0
5,2026-05-25_04__95,0.024816071692709774,191,35,0.024816071692709774,0.0
5,2026-05-25_12__102,-0.07571906050661738,14,4,0.10526549719214294,0.18098455769876032
5,2026-05-25_12__108,0.0,1,1,0.0,0.0
5,2026-05-25_12__110,0.08450853962873076,121,23,0.040081614166647295,-0.04442692546208347
5,2026-05-25_12__121,-0.012529918211155091,64,16,-0.012529918211155091,0.0
5,2026-05-25_12__123,0.0,5,1,0.0,0.0
5,2026-05-25_12__13,0.0,5,1,0.0,0.0
5,2026-05-25_12__144,0.0,2,1,0.0,0.0
5,2026-05-25_12__155,0.0,83,8,0.0,0.0
5,2026-05-25_12__16,0.0,6,1,0.0,0.0
5,2026-05-25_12__167,-0.046076561966227406,80,10,0.012125724607604454,0.05820228657383186
5,2026-05-25_12__178,0.0,64,7,0.0,0.0
5,2026-05-25_12__181,0.03244365269885073,16,10,0.10554861914856534,0.0731049664497146
5,2026-05-25_12__183,0.0,9,1,0.0,0.0
5,2026-05-25_12__185,0.0,2,1,0.0,0.0
5,2026-05-25_12__187,0.06396492505040606,113,18,0.06468828357361861,0.0007233585232125515
5,2026-05-25_12__188,0.11428226033165105,18,1,0.12721939813297423,0.01293713780132318
5,2026-05-25_12__189,0.0,11,1,0.0,0.0
5,2026-05-25_12__19,0.0,103,27,0.0,0.0
5,2026-05-25_12__190,0.0,5,1,0.0,0.0
5,2026-05-25_12__191,0.0,5,1,0.0,0.0
5,2026-05-25_12__194,0.0,5,3,0.0,0.0
5,2026-05-25_12__198,0.41896738473314593,8,3,0.19895862320750937,-0.22000876152563656
5,2026-05-25_12__199,0.0,11,2,0.0,0.0
5,2026-05-25_12__20,0.0,6,1,0.0,0.0
5,2026-05-25_12__205,0.0,9,1,0.0,0.0
5,2026-05-25_12__211,0.0,4,1,0.0,0.0
5,2026-05-25_12__212,0.025741280994742606,122,17,0.025741280994742606,0.0
5,2026-05-25_12__214,0.0,4,1,0.0,0.0
5,2026-05-25_12__224,0.0,1,1,0.0,0.0
5,2026-05-25_12__226,0.0,5,1,0.0,0.0
5,2026-05-25_12__23,-0.05174914392918934,12,3,0.056059779846667275,0.10780892377585662
5,2026-05-25_12__234,0.01731817140960557,56,5,0.01731817140960557,0.0
5,2026-05-25_12__27,0.021335331836665573,114,18,0.021335331836665573,0.0
5,2026-05-25_12__28,0.0,12,1,0.0,0.0
5,2026-05-25_12__29,0.0,14,1,0.0,0.0
5,2026-05-25_12__3,0.0,11,1,0.0,0.0
5,2026-05-25_12__31,0.0,3,1,0.0,0.0
5,2026-05-25_12__32,0.0,125,19,0.0,0.0
5,2026-05-25_12__33,0.0,10,1,0.0,0.0
5,2026-05-25_12__34,0.0,4,1,0.0,0.0
5,2026-05-25_12__35,0.0,9,1,0.0,0.0
5,2026-05-25_12__38,0.0,2,1,0.0,0.0
5,2026-05-25_12__48,0.008621847287011406,6,1,0.008621847287011406,0.0
5,2026-05-25_12__55,0.0,10,1,0.0,0.0
5,2026-05-25_12__57,0.0,12,1,0.0,0.0
5,2026-05-25_12__63,0.0,5,2,0.0,0.0
5,2026-05-25_12__65,0.0,7,2,0.0,0.0
5,2026-05-25_12__67,0.01393922497864538,453,110,0.02657680648660082,0.01263758150795544
5,2026-05-25_12__68,0.0,1,1,0.0,0.0
5,2026-05-25_12__7,0.0,2,1,0.0,0.0
5,2026-05-25_12__76,0.0,3,1,0.0,0.0
5,2026-05-25_12__77,0.03259925653007232,1842,238,0.026951029618319494,-0.005648226911752826
5,2026-05-25_12__88,0.1139225611625189,108,10,0.06738691386827453,-0.04653564729424438
5,2026-05-25_12__89,0.0,7,1,0.0,0.0
5,2026-05-25_12__9,0.0,2,1,0.0,0.0
5,2026-05-25_12__99,0.025710058537283653,92,16,0.025710058537283653,0.0
5,2026-05-25_18__103,9.876415126101878e-05,277,46,0.01103463862288423,0.010935874471623211
5,2026-05-25_18__13,-0.07218072801895278,15,5,0.04124654801841839,0.11342727603737117
5,2026-05-25_18__14,0.0,4,1,0.0,0.0
5,2026-05-25_18__15,0.0,14,1,0.0,0.0
5,2026-05-25_18__16,0.0,8,1,0.0,0.0
5,2026-05-25_18__18,0.0,1,2,0.0,0.0
5,2026-05-25_18__22,0.0,6,3,0.0,0.0
5,2026-05-25_18__25,0.015468863758523453,452,67,0.006814156319358352,-0.008654707439165101
5,2026-05-25_18__35,-0.16049296615959335,68,7,0.0070106180516685615,0.1675035842112619
5,2026-05-25_18__56,0.014067291514523992,952,142,0.025138584742255096,0.011071293227731104
5,2026-05-25_18__59,0.0,2,1,0.0,0.0
5,2026-05-25_18__60,0.0,1,1,0.0,0.0
5,2026-05-25_18__64,0.008017774834075682,45,20,0.008017774834075682,0.0
5,2026-05-25_18__69,0.0,4,2,0.0,0.0
5,2026-05-25_18__75,0.015100064417410852,86,15,0.06106460341985809,0.045964539002447236
5,2026-05-25_18__76,0.025279285878058205,282,51,0.03791824635085947,0.012638960472801265
5,2026-05-25_18__77,0.0,2,1,0.0,0.0
5,2026-05-25_18__8,0.18908396767756452,3,1,0.18908396767756452,0.0
5,2026-05-25_18__94,0.03664127826216599,222,38,0.03664127826216599,0.0
5,2026-05-25_18__95,0.10316749186214308,4,1,0.10316749186214308,0.0
5,2026-05-25_18__96,0.0,9,1,0.0,0.0
5,2026-05-26_15__1,0.12285762956687521,55,10,0.1905097182925517,0.06765208872567649
5,2026-05-26_15__10,-0.04871947245108112,26,1,-0.04871947245108112,0.0
5,2026-05-26_15__100,0.03131987840068605,10,1,0.03131987840068605,0.0
5,2026-05-26_15__101,0.21593657268654534,21,6,-0.08637462907461815,-0.3023112017611635
5,2026-05-26_15__102,0.07570521693809548,5,5,0.07570521693809548,0.0
5,2026-05-26_15__103,0.057101868636546656,24,6,0.057101868636546656,0.0
5,2026-05-26_15__104,0.0164773732500604,360,94,0.013155484418271185,-0.0033218888317892155
5,2026-05-26_15__105,0.10815736512212744,34,8,0.10489882440567942,-0.003258540716448018
5,2026-05-26_15__107,0.0,3,3,0.0,0.0
5,2026-05-26_15__108,0.004741340046111071,33,8,0.004741340046111071,0.0
5,2026-05-26_15__110,0.0,11,5,0.0,0.0
5,2026-05-26_15__112,0.03965641074568173,368,69,0.02718475321519669,-0.01247165753048504
5,2026-05-26_15__114,0.0,2,1,0.0,0.0
5,2026-05-26_15__115,0.03621007142581429,18,6,0.03621007142581429,0.0
5,2026-05-26_15__117,0.0,1,1,0.0,0.0
5,2026-05-26_15__119,0.0,6,1,0.0,0.0
5,2026-05-26_15__12,0.12126440524070405,3,3,0.12126440524070405,0.0
5,2026-05-26_15__121,0.0,5,2,0.0,0.0
5,2026-05-26_15__123,0.0,4,3,0.0,0.0
5,2026-05-26_15__126,0.0,11,6,0.0,0.0
5,2026-05-26_15__127,-0.025023673347664865,25,8,0.1444195817356121,0.16944325508327696
5,2026-05-26_15__132,0.12809168627553044,1823,382,0.11813475661163274,-0.009956929663897716
5,2026-05-26_15__133,0.22545528001414106,13,4,0.22545528001414106,0.0
5,2026-05-26_15__135,0.0,4,1,0.0,0.0
5,2026-05-26_15__136,0.0,7,2,0.0,0.0
5,2026-05-26_15__137,-0.5997907007796084,35,2,0.12635302465209194,0.7261437254317004
5,2026-05-26_15__141,-0.024264396003586264,386,95,0.06525896294943646,0.08952335895302273
5,2026-05-26_15__143,0.0,13,5,0.0,0.0
5,2026-05-26_15__145,0.0,1,2,0.0,0.0
5,2026-05-26_15__146,0.0,13,5,0.0,0.0
5,2026-05-26_15__149,0.09994145443830488,25,3,0.034539444634543594,-0.06540200980376128
5,2026-05-26_15__150,0.8887741255652215,9,2,0.215120207090236,-0.6736539184749856
5,2026-05-26_15__151,0.09930547210556097,17,2,0.09930547210556097,0.0
5,2026-05-26_15__152,0.0,7,1,0.0,0.0
5,2026-05-26_15__153,0.0,11,2,0.0,0.0
5,2026-05-26_15__155,0.1258382033703218,207,44,0.0868829868391721,-0.03895521653114971
5,2026-05-26_15__157,0.01733644556383604,238,60,0.08037223949140504,0.063035793927569
5,2026-05-26_15__159,0.0,2,1,0.0,0.0
5,2026-05-26_15__16,0.1373798505561188,225,46,0.07281583647029459,-0.06456401408582421
5,2026-05-26_15__162,0.13309684096867289,18,3,0.13309684096867289,0.0
5,2026-05-26_15__166,-0.02469511670203812,41,7,0.010864414866528924,0.035559531568567046
5,2026-05-26_15__167,0.021554228461019016,31,9,0.021554228461019016,0.0
5,2026-05-26_15__169,0.33276760201887645,5,1,0.33276760201887645,0.0
5,2026-05-26_15__17,0.0,7,1,0.0,0.0
5,2026-05-26_15__170,0.09453594482368519,17,9,0.07706604491533535,-0.01746989990834984
5,2026-05-26_15__171,0.0,10,1,0.0,0.0
5,2026-05-26_15__172,0.3211167100221936,23,6,0.23814326829714466,-0.08297344172504893
5,2026-05-26_15__173,0.13505627351522034,163,63,0.11174641439997901,-0.02330985911524134
5,2026-05-26_15__174,0.2884135745797049,11,1,0.0,-0.2884135745797049
5,2026-05-26_15__175,0.1366575626579304,33,11,0.2057953447810922,0.06913778212316181
5,2026-05-26_15__178,0.03630966440692842,451,116,0.05213558043753201,0.01582591603060359
5,2026-05-26_15__179,0.0,3,3,0.0,0.0
5,2026-05-26_15__181,0.07553404803361499,25,3,0.07553404803361499,0.0
5,2026-05-26_15__182,0.0,12,1,0.0,0.0
5,2026-05-26_15__183,0.33208113650412596,29,8,0.11734651436666496,-0.21473462213746097
5,2026-05-26_15__184,0.14882120974199933,424,97,0.037985275477562544,-0.11083593426443679
5,2026-05-26_15__187,0.0,6,4,0.0,0.0
5,2026-05-26_15__189,0.0,5,3,0.0,0.0
5,2026-05-26_15__19,0.24657101545303778,73,40,0.2217847063420231,-0.024786309111014683
5,2026-05-26_15__191,-0.22285919166311155,4,1,-0.22285919166311155,0.0
5,2026-05-26_15__192,0.10385591028090668,13,4,0.03831483296497002,-0.06554107731593667
5,2026-05-26_15__194,0.1235302698252346,327,76,0.08008594272902879,-0.043444327096205805
5,2026-05-26_15__196,0.0015058799802078263,354,71,0.03635131600348675,0.03484543602327892
5,2026-05-26_15__197,0.0,18,3,0.0,0.0
5,2026-05-26_15__20,-0.13446099859770094,24,6,0.05205498050829808,0.186515979105999
5,2026-05-26_15__200,0.0,10,1,0.0,0.0
5,2026-05-26_15__201,0.0,11,3,0.0,0.0
5,2026-05-26_15__203,0.0,5,2,0.0,0.0
5,2026-05-26_15__205,0.026106833821547593,267,52,0.020824343069790748,-0.005282490751756846
5,2026-05-26_15__206,0.2334782090815593,69,15,0.0634904948526089,-0.16998771422895043
5,2026-05-26_15__208,0.0,9,2,0.0,0.0
5,2026-05-26_15__21,0.047672736682218414,74,15,0.24640293655428766,0.19873019987206925
5,2026-05-26_15__210,0.0,5,1,0.0,0.0
5,2026-05-26_15__212,0.0,8,1,0.0,0.0
5,2026-05-26_15__214,0.0,9,2,0.0,0.0
5,2026-05-26_15__215,0.11786618924134096,294,55,0.03419679938657221,-0.08366938985476875
5,2026-05-26_15__22,0.053218736485034335,52,19,0.20811901196140356,0.15490027547636923
5,2026-05-26_15__23,0.10063241396662094,20,8,0.06318396908747932,-0.03744844487914162
5,2026-05-26_15__24,0.05865396946159418,2,2,2.1049217789966925,2.0462678095350983
5,2026-05-26_15__25,0.01563563752698472,10,3,0.01563563752698472,0.0
5,2026-05-26_15__26,0.09519022703337912,101,20,0.0971278638157967,0.0019376367824175777
5,2026-05-26_15__27,-0.08394765859635579,18,11,-0.08394765859635579,0.0
5,2026-05-26_15__28,0.007777393534221216,284,67,0.050538765952374366,0.04276137241815315
5,2026-05-26_15__29,-0.007926661420500816,52,15,0.0667068263216324,0.07463348774213321
5,2026-05-26_15__31,0.0,4,2,0.0,0.0
5,2026-05-26_15__35,0.0,9,1,0.0,0.0
5,2026-05-26_15__36,0.12386580903493741,281,62,0.08062293165254256,-0.04324287738239486
5,2026-05-26_15__38,0.08022475589790411,12,2,0.08022475589790411,0.0
5,2026-05-26_15__4,-0.35757915014488456,2,1,-0.35757915014488456,0.0
5,2026-05-26_15__42,0.20177095477937965,8,2,0.20177095477937965,0.0
5,2026-05-26_15__43,-0.0026348681616059225,20,3,-0.002607791871190013,2.7076290415909792e-05
5,2026-05-26_15__49,0.5578641346232299,15,3,0.19345849648675995,-0.36440563813647
5,2026-05-26_15__5,0.0,15,3,0.0,0.0
5,2026-05-26_15__50,0.20925883914843166,12,3,0.05312664983072418,-0.15613218931770748
5,2026-05-26_15__52,0.2385042574094058,3,1,0.2385042574094058,0.0
5,2026-05-26_15__53,0.0,4,1,0.0,0.0
5,2026-05-26_15__54,0.0,7,1,0.0,0.0
5,2026-05-26_15__55,0.0,5,1,0.0,0.0
5,2026-05-26_15__56,0.0,9,2,0.0,0.0
5,2026-05-26_15__57,-0.0008096484051593952,202,38,0.03925632808115293,0.04006597648631233
5,2026-05-26_15__58,0.0,14,3,0.0,0.0
5,2026-05-26_15__6,0.08883478406307051,6,4,0.08883478406307051,0.0
5,2026-05-26_15__60,0.004336085663960766,3,1,0.004336085663960766,0.0
5,2026-05-26_15__67,0.0,5,1,0.0,0.0
5,2026-05-26_15__7,0.08197844663757606,319,66,0.06918050633103494,-0.012797940306541113
5,2026-05-26_15__72,0.0932479182402884,6,1,0.0932479182402884,0.0
5,2026-05-26_15__73,-0.030361665402200744,12,6,-0.030361665402200744,0.0
5,2026-05-26_15__74,0.06989812814430038,193,38,0.09197131648397369,0.022073188339673304
5,2026-05-26_15__75,0.0,8,2,0.0,0.0
5,2026-05-26_15__76,-0.07808011410104185,12,3,-0.07808011410104185,0.0
5,2026-05-26_15__77,0.07251645048328899,14,4,0.07251645048328899,0.0
5,2026-05-26_15__79,0.0,2,1,0.0,0.0
5,2026-05-26_15__8,0.353481798181199,42,13,-0.018242157118045436,-0.37172395529924446
5,2026-05-26_15__81,0.0,2,1,0.0,0.0
5,2026-05-26_15__82,0.035378054670472024,236,39,0.013022771707433928,-0.022355282963038098
5,2026-05-26_15__83,0.0,35,4,0.0,0.0
5,2026-05-26_15__84,-0.2767135266067113,23,6,0.04021237893864162,0.3169259055453529
5,2026-05-26_15__85,-0.04928645709088184,22,9,0.010065565036004651,0.05935202212688649
5,2026-05-26_15__86,0.01954062593854671,2,2,0.01954062593854671,0.0
5,2026-05-26_15__87,-0.04479679463712939,100,28,0.008746436700302791,0.05354323133743218
5,2026-05-26_15__88,0.022452615023521437,18,3,0.022452615023521437,0.0
5,2026-05-26_15__90,0.19438719544457264,11,4,0.19438719544457264,0.0
5,2026-05-26_15__91,0.039434748343640545,301,64,0.03128341269133166,-0.008151335652308885
5,2026-05-26_15__92,0.29062607675933505,20,4,0.6498557955615971,0.35922971880226207
5,2026-05-26_15__94,0.2601265930769319,7,1,0.2601265930769319,0.0
5,2026-05-26_15__95,0.04458600105175823,412,106,0.03670938674187703,-0.007876614309881201
5,2026-05-26_15__96,0.05772184932831119,40,6,0.05772184932831119,0.0
5,2026-05-26_21__105,0.03129054385060262,53,4,0.03129054385060262,0.0
5,2026-05-26_21__108,0.006746681608201128,78,8,0.006746681608201128,0.0
5,2026-05-26_21__11,0.0046684074553579,174,20,0.027043732473367926,0.022375325018010025
5,2026-05-26_21__114,0.001860114958691171,73,9,0.036956308140549794,0.03509619318185862
5,2026-05-26_21__116,0.016764656418766143,73,10,0.016764656418766143,0.0
5,2026-05-26_21__118,0.0,1,1,0.0,0.0
5,2026-05-26_21__120,0.25063782262489726,13,2,0.0334183763499863,-0.21721944627491097
5,2026-05-26_21__122,-0.007309973710142043,136,17,0.029877591616215244,0.03718756532635729
5,2026-05-26_21__123,0.0,11,2,0.0,0.0
5,2026-05-26_21__124,0.0,7,1,0.0,0.0
5,2026-05-26_21__125,0.184957829628007,85,9,0.024011881895455348,-0.16094594773255164
5,2026-05-26_21__127,0.0,53,7,0.0,0.0
5,2026-05-26_21__129,0.0,3,2,0.0,0.0
5,2026-05-26_21__13,0.0,2,1,0.0,0.0
5,2026-05-26_21__134,0.03388496071529557,106,13,0.03591123716431589,0.0020262764490203244
5,2026-05-26_21__136,0.0,1,1,0.0,0.0
5,2026-05-26_21__137,0.0,23,8,0.0,0.0
5,2026-05-26_21__141,-0.015622769126871251,143,17,0.028578795285886992,0.04420156441275824
5,2026-05-26_21__142,0.029667076072244516,16,2,0.029667076072244516,0.0
5,2026-05-26_21__143,0.009119289773318088,133,14,0.009119289773318088,0.0
5,2026-05-26_21__15,-0.0014913565002849793,164,13,0.04206467263895938,0.04355602913924436
5,2026-05-26_21__2,0.015647137526329936,122,23,0.0265125713957423,0.010865433869412362
5,2026-05-26_21__21,0.0,1,1,0.0,0.0
5,2026-05-26_21__23,0.0,6,1,0.0,0.0
5,2026-05-26_21__24,0.012238838652165587,348,57,0.07973878664940215,0.06749994799723656
5,2026-05-26_21__26,0.006709170289807242,167,27,0.006709170289807242,0.0
5,2026-05-26_21__28,0.01611545476929331,169,22,-0.0012479500520221633,-0.017363404821315473
5,2026-05-26_21__30,0.002773193581809196,133,23,0.002773193581809196,0.0
5,2026-05-26_21__34,0.0,10,1,0.0,0.0
5,2026-05-26_21__35,0.07988625584351808,127,19,0.04592523387868144,-0.03396102196483663
5,2026-05-26_21__4,0.037318169201923795,183,30,0.037318169201923795,0.0
5,2026-05-26_21__41,0.021395651306011784,112,14,0.021395651306011784,0.0
5,2026-05-26_21__42,0.0,18,4,0.0,0.0
5,2026-05-26_21__48,0.0,3,1,0.0,0.0
5,2026-05-26_21__5,0.053738792175927697,151,22,0.07168507142469883,0.01794627924877114
5,2026-05-26_21__50,0.00020101838668135766,98,18,0.00020101838668135766,0.0
5,2026-05-26_21__53,0.015364635073333657,133,22,0.024336676577040636,0.008972041503706979
5,2026-05-26_21__55,0.011257329421496513,97,14,0.011257329421496513,0.0
5,2026-05-26_21__57,0.0,1,1,0.0,0.0
5,2026-05-26_21__59,0.0,12,2,0.0,0.0
5,2026-05-26_21__6,0.0,12,2,0.0,0.0
5,2026-05-26_21__63,0.039549870037237124,83,11,0.038353972372935655,-0.0011958976643014663
5,2026-05-26_21__64,0.0,10,1,0.0,0.0
5,2026-05-26_21__68,0.0,5,2,0.0,0.0
5,2026-05-26_21__74,0.004709021976615296,81,10,0.004709021976615296,0.0
5,2026-05-26_21__76,0.0032547885720992744,97,13,0.0032547885720992744,0.0
5,2026-05-26_21__78,0.09471383641591344,145,21,0.07151989424827623,-0.0231939421676372
5,2026-05-26_21__80,0.01995618813102546,91,12,0.01995618813102546,0.0
5,2026-05-26_21__83,0.06985200989536765,93,12,0.0029730408751772047,-0.06687896902019044
5,2026-05-26_21__85,0.12278059898504048,10,3,0.07892831831417288,-0.04385228067086761
5,2026-05-26_21__86,0.014517397199971667,87,8,0.014517397199971667,0.0
5,2026-05-26_21__88,0.0,6,1,0.0,0.0
5,2026-05-26_21__91,0.0153121691405418,104,11,0.0153121691405418,0.0
5,2026-05-26_21__93,0.0,5,1,0.0,0.0
5,2026-05-26_21__95,0.08160479700797649,10,1,0.08160479700797649,0.0
5,2026-05-26_21__96,-0.06333814121943832,113,12,0.04960365033550213,0.11294179155494045
5,2026-05-26_21__99,-0.03948352911718256,2,2,0.0,0.03948352911718256
10,2026-05-25_04__103,0.10360325650973715,4,1,0.10360325650973715,0.0
10,2026-05-25_04__106,0.0,7,1,0.0,0.0
10,2026-05-25_04__108,0.0,4,1,0.0,0.0
10,2026-05-25_04__11,-0.03185168757935214,88,6,0.04390751158963438,0.07575919916898652
10,2026-05-25_04__113,0.06328199485023593,158,18,0.01587333979271711,-0.047408655057518824
10,2026-05-25_04__116,0.0,8,2,0.0,0.0
10,2026-05-25_04__120,0.31582589213232304,7,1,0.6648725745401879,0.34904668240786485
10,2026-05-25_04__31,0.030224726863453247,373,29,0.06380513831116102,0.03358041144770778
10,2026-05-25_04__46,0.0,2,1,0.0,0.0
10,2026-05-25_04__49,0.0,7,1,0.0,0.0
10,2026-05-25_04__5,0.0,1,1,0.0,0.0
10,2026-05-25_04__65,0.0,4,1,0.0,0.0
10,2026-05-25_04__73,0.0,7,1,0.0,0.0
10,2026-05-25_04__76,0.06951414327406404,96,13,0.02661119166662067,-0.04290295160744337
10,2026-05-25_04__83,0.1145688035906383,6,1,0.1145688035906383,0.0
10,2026-05-25_04__85,0.019844485341172093,350,27,0.021765527114483502,0.0019210417733114091
10,2026-05-25_04__87,0.005892434608119007,11,5,0.005892434608119007,0.0
10,2026-05-25_04__95,0.020592698389495536,191,35,0.018373338641749115,-0.0022193597477464222
10,2026-05-25_12__102,-0.016648702510291158,13,4,0.25158836832252685,0.268237070832818
10,2026-05-25_12__110,0.12336839511563862,121,23,0.06263477525199916,-0.060733619863639454
10,2026-05-25_12__121,-0.005255629685085841,64,16,-0.005255629685085841,0.0
10,2026-05-25_12__123,0.0,5,1,0.0,0.0
10,2026-05-25_12__13,0.0,4,1,0.0,0.0
10,2026-05-25_12__155,0.004207644546786447,83,7,0.004207644546786447,0.0
10,2026-05-25_12__16,0.0,6,1,0.0,0.0
10,2026-05-25_12__167,-0.03621462369361031,80,10,0.021987662880221553,0.05820228657383186
10,2026-05-25_12__178,0.002020915342077915,64,7,0.002020915342077915,0.0
10,2026-05-25_12__181,0.2692152035446801,13,10,0.4096039788739158,0.1403887753292357
10,2026-05-25_12__183,0.0,7,1,0.0,0.0
10,2026-05-25_12__185,0.0,2,1,0.0,0.0
10,2026-05-25_12__187,0.011511161048046222,113,18,0.040988662234506285,0.029477501186460062
10,2026-05-25_12__188,0.19549919867325508,18,1,0.20843633647457827,0.01293713780132318
10,2026-05-25_12__189,0.0,11,1,0.0,0.0
10,2026-05-25_12__19,0.0,103,27,0.0,0.0
10,2026-05-25_12__190,0.0,5,1,0.0,0.0
10,2026-05-25_12__191,0.0,5,1,0.0,0.0
10,2026-05-25_12__194,0.0,5,2,0.0,0.0
10,2026-05-25_12__198,0.46587792148688395,8,3,0.2458691599612474,-0.22000876152563656
10,2026-05-25_12__199,0.0,11,2,0.0,0.0
10,2026-05-25_12__20,0.0,6,1,0.0,0.0
10,2026-05-25_12__205,0.0,8,1,0.0,0.0
10,2026-05-25_12__211,0.0,4,1,0.0,0.0
10,2026-05-25_12__212,0.05222407536564231,122,17,0.05222407536564231,0.0
10,2026-05-25_12__214,0.0,3,1,0.0,0.0
10,2026-05-25_12__224,0.0,1,1,0.0,0.0
10,2026-05-25_12__226,0.0,5,1,0.0,0.0
10,2026-05-25_12__23,-0.03126637866519395,12,3,0.08516725901260569,0.11643363767779964
10,2026-05-25_12__234,0.01731817140960557,56,5,0.01731817140960557,0.0
10,2026-05-25_12__27,0.012200334079502807,114,17,0.012200334079502807,0.0
10,2026-05-25_12__28,0.0,11,1,0.0,0.0
10,2026-05-25_12__29,0.0,12,1,0.0,0.0
10,2026-05-25_12__3,0.0,10,1,0.0,0.0
10,2026-05-25_12__32,0.0,124,19,0.0,0.0
10,2026-05-25_12__33,0.0,10,1,0.0,0.0
10,2026-05-25_12__34,0.0,4,1,0.0,0.0
10,2026-05-25_12__35,0.0,9,1,0.0,0.0
10,2026-05-25_12__38,0.0,1,1,0.0,0.0
10,2026-05-25_12__55,0.0,9,1,0.0,0.0
10,2026-05-25_12__57,0.0,11,1,0.0,0.0
10,2026-05-25_12__63,0.0,5,2,0.0,0.0
10,2026-05-25_12__65,0.0,7,2,0.0,0.0
10,2026-05-25_12__67,0.00902410803287014,452,109,0.03619192233440382,0.02716781430153368
10,2026-05-25_12__68,0.0,1,1,0.0,0.0
10,2026-05-25_12__7,0.0,1,1,0.0,0.0
10,2026-05-25_12__76,0.0,3,1,0.0,0.0
10,2026-05-25_12__77,0.04162457456253679,1841,238,0.03831200060484998,-0.0033125739576868123
10,2026-05-25_12__88,0.14463407674213183,107,10,0.09809842944788745,-0.04653564729424438
10,2026-05-25_12__89,0.0,7,1,0.0,0.0
10,2026-05-25_12__9,0.0,2,1,0.0,0.0
10,2026-05-25_12__99,0.025710058537283653,92,16,0.025710058537283653,0.0
10,2026-05-25_18__103,0.009643431862000378,277,46,0.02057930633362359,0.010935874471623211
10,2026-05-25_18__13,-0.20880903779149654,15,5,0.04124654801841839,0.25005558580991494
10,2026-05-25_18__15,0.0,14,1,0.0,0.0
10,2026-05-25_18__16,0.0,7,1,0.0,0.0
10,2026-05-25_18__18,0.0,1,2,0.0,0.0
10,2026-05-25_18__22,0.0,6,3,0.0,0.0
10,2026-05-25_18__25,0.022565869548647716,452,67,0.010833993598771458,-0.011731875949876258
10,2026-05-25_18__35,-0.14232540683182748,68,7,0.017811484895155476,0.16013689172698295
10,2026-05-25_18__56,0.012072481450356928,952,142,0.03094555667286098,0.018873075222504053
10,2026-05-25_18__59,0.0,1,1,0.0,0.0
10,2026-05-25_18__60,0.0,1,1,0.0,0.0
10,2026-05-25_18__64,0.0,44,20,0.0,0.0
10,2026-05-25_18__69,0.0,2,2,0.0,0.0
10,2026-05-25_18__75,0.05068613182495939,86,15,0.10137599726706828,0.05068986544210889
10,2026-05-25_18__76,0.03234135487469973,282,51,0.04498031534750099,0.012638960472801265
10,2026-05-25_18__8,0.18908396767756452,3,1,0.18908396767756452,0.0
10,2026-05-25_18__94,0.06330237568124174,222,38,0.052784874236507455,-0.010517501444734283
10,2026-05-25_18__95,0.10316749186214308,4,1,0.10316749186214308,0.0
10,2026-05-25_18__96,0.0,9,1,0.0,0.0
10,2026-05-26_15__1,0.05695086898690138,52,10,0.26379582564381443,0.20684495665691305
10,2026-05-26_15__10,-0.04624913691272016,25,1,-0.04624913691272016,0.0
10,2026-05-26_15__100,0.044742683429551504,7,1,0.044742683429551504,0.0
10,2026-05-26_15__101,-0.08637462907461815,21,6,-0.08637462907461815,0.0
10,2026-05-26_15__102,-0.0848449328318977,4,4,-0.2643245984384378,-0.1794796656065401
10,2026-05-26_15__103,0.0924977222737112,23,6,0.0924977222737112,0.0
10,2026-05-26_15__104,0.06582092021541924,360,94,0.04627731136814861,-0.019543608847270626
10,2026-05-26_15__105,0.08441066108731543,34,7,0.11793961204682585,0.033528950959510424
10,2026-05-26_15__107,0.0,2,2,0.0,0.0
10,2026-05-26_15__108,0.010430948101444355,30,8,0.010430948101444355,0.0
10,2026-05-26_15__110,0.0,11,5,0.0,0.0
10,2026-05-26_15__112,0.08311150936001016,366,69,0.04909778674710448,-0.034013722612905674
10,2026-05-26_15__114,0.0,1,1,0.0,0.0
10,2026-05-26_15__115,0.03834007562733278,17,6,0.03834007562733278,0.0
10,2026-05-26_15__117,0.0,1,1,0.0,0.0
10,2026-05-26_15__119,0.0,5,1,0.0,0.0
10,2026-05-26_15__12,0.18514475950055478,2,2,0.18514475950055478,0.0
10,2026-05-26_15__121,0.0,5,2,0.0,0.0
10,2026-05-26_15__123,0.0,2,3,0.0,0.0
10,2026-05-26_15__126,0.0,11,5,0.0,0.0
10,2026-05-26_15__127,-0.00886303661854737,25,8,0.16058021846472958,0.16944325508327696
10,2026-05-26_15__132,0.22482838367374142,1823,382,0.17906767620342828,-0.04576070747031314
10,2026-05-26_15__133,0.26644714910762124,11,4,0.26644714910762124,0.0
10,2026-05-26_15__135,0.0,4,1,0.0,0.0
10,2026-05-26_15__136,0.0,7,1,0.0,0.0
10,2026-05-26_15__137,-0.5339995629558114,35,2,0.1921441624758889,0.7261437254317004
10,2026-05-26_15__141,0.089130490219884,384,93,0.15980697701123456,0.07067648679135055
10,2026-05-26_15__143,0.0,13,4,0.0,0.0
10,2026-05-26_15__145,0.0,1,2,0.0,0.0
10,2026-05-26_15__146,0.0,13,5,0.0,0.0
10,2026-05-26_15__149,-0.0032889048093088236,24,3,-0.0686909146130701,-0.06540200980376128
10,2026-05-26_15__150,0.48267630275176737,5,2,-0.2694615673899942,-0.7521378701417616
10,2026-05-26_15__151,-0.0855469555737879,13,2,-0.0855469555737879,0.0
10,2026-05-26_15__152,0.0,6,1,0.0,0.0
10,2026-05-26_15__153,0.0,11,2,0.0,0.0
10,2026-05-26_15__155,0.2029544785150658,207,44,0.10720519951822687,-0.09574927899683892
10,2026-05-26_15__157,0.0011650235657583163,237,60,0.09909968111650727,0.09793465755074895
10,2026-05-26_15__159,0.0,2,1,0.0,0.0
10,2026-05-26_15__16,0.22385950926921555,225,46,0.10447635358869244,-0.11938315568052311
10,2026-05-26_15__162,0.149733946089757,16,3,0.149733946089757,0.0
10,2026-05-26_15__166,-0.08772883029422793,40,7,0.011463547239501649,0.09919237753372957
10,2026-05-26_15__167,0.05578901370353271,31,8,0.05578901370353271,0.0
10,2026-05-26_15__17,0.0,7,1,0.0,0.0
10,2026-05-26_15__170,-0.02974743454898892,16,9,0.01392437786143172,0.04367181241042064
10,2026-05-26_15__171,0.0,9,1,0.0,0.0
10,2026-05-26_15__172,0.27249281912773066,19,6,0.2441108118319272,-0.02838200729580347
10,2026-05-26_15__173,0.1432024868858433,161,63,0.15881029282734005,0.015607805941496754
10,2026-05-26_15__174,0.2884135745797049,9,1,0.0,-0.2884135745797049
10,2026-05-26_15__175,0.2018265493898474,33,10,0.2018265493898474,0.0
10,2026-05-26_15__178,0.07725015406958968,449,114,0.06586214782957901,-0.011388006240010663
10,2026-05-26_15__179,0.0,3,3,0.0,0.0
10,2026-05-26_15__181,0.041830065412434364,21,3,0.041830065412434364,0.0
10,2026-05-26_15__182,0.0,12,1,0.0,0.0
10,2026-05-26_15__183,0.3814716302220462,28,7,0.13606063349351938,-0.24541099672852681
10,2026-05-26_15__184,0.18149954382163938,421,97,0.0419430447509258,-0.13955649907071357
10,2026-05-26_15__187,0.0,6,4,0.0,0.0
10,2026-05-26_15__189,0.0,4,2,0.0,0.0
10,2026-05-26_15__19,0.5176854337661196,69,40,0.4271064013030285,-0.09057903246309112
10,2026-05-26_15__191,0.0,3,1,0.0,0.0
10,2026-05-26_15__192,0.023833752669020644,11,3,-0.05481528981186937,-0.07864904248089001
10,2026-05-26_15__194,0.1698317730490829,327,76,0.12690414056448532,-0.04292763248459757
10,2026-05-26_15__196,-0.0040483859465744315,350,71,0.06287254927053638,0.06692093521711082
10,2026-05-26_15__197,0.0,18,3,0.0,0.0
10,2026-05-26_15__20,0.16580683114231418,23,6,0.02264766833483246,-0.14315916280748173
10,2026-05-26_15__200,0.0,8,1,0.0,0.0
10,2026-05-26_15__201,0.0,11,3,0.0,0.0
10,2026-05-26_15__203,0.29829325235866316,5,2,0.29829325235866316,0.0
10,2026-05-26_15__205,0.04861169886919658,266,52,0.04332920811743973,-0.005282490751756846
10,2026-05-26_15__206,0.37706701098946543,69,15,0.11902104092418046,-0.25804597006528496
10,2026-05-26_15__208,0.0,8,2,0.0,0.0
10,2026-05-26_15__21,0.16495327213073113,73,15,0.35712858037373324,0.1921753082430021
10,2026-05-26_15__212,0.0,7,1,0.0,0.0
10,2026-05-26_15__214,0.0,7,2,0.0,0.0
10,2026-05-26_15__215,0.16381272982479822,292,54,0.051715115087922495,-0.11209761473687571
10,2026-05-26_15__22,0.27651397368838715,49,19,0.36836399519029117,0.091850021501904
10,2026-05-26_15__23,0.17620321297292493,19,7,0.045937654550873584,-0.13026555842205134
10,2026-05-26_15__25,0.0,10,3,0.0,0.0
10,2026-05-26_15__26,0.1581865480322991,100,20,0.16988181075507527,0.011695262722776184
10,2026-05-26_15__27,-0.3225012059828062,15,11,-0.2431601065769101,0.07934109940589609
10,2026-05-26_15__28,0.027083054485592874,283,67,0.07722680082114154,0.05014374633554867
10,2026-05-26_15__29,0.06945462010312332,50,15,0.14409267356788127,0.07463805346475795
10,2026-05-26_15__31,0.0,4,2,0.0,0.0
10,2026-05-26_15__35,0.0,9,1,0.0,0.0
10,2026-05-26_15__36,0.15000570124507,281,61,0.11906139813895454,-0.03094430310611546
10,2026-05-26_15__38,0.14635505166067878,12,2,0.14635505166067878,0.0
10,2026-05-26_15__4,0.4551007365480349,1,1,0.0,-0.4551007365480349
10,2026-05-26_15__42,0.20456152376992207,7,1,0.20456152376992207,0.0
10,2026-05-26_15__43,-0.17400967240063495,20,3,0.029934654269450595,0.20394432667008555
10,2026-05-26_15__49,0.9416506156967757,14,3,0.3690131843401871,-0.5726374313565885
10,2026-05-26_15__5,0.0,13,2,0.0,0.0
10,2026-05-26_15__50,0.2318299516596218,11,3,0.07569776234191433,-0.15613218931770748
10,2026-05-26_15__53,0.0,3,1,0.0,0.0
10,2026-05-26_15__55,0.0,5,1,0.0,0.0
10,2026-05-26_15__56,0.0,7,2,0.0,0.0
10,2026-05-26_15__57,-0.014555856773664257,201,37,0.03398047496140949,0.04853633173507375
10,2026-05-26_15__58,0.0,13,3,0.0,0.0
10,2026-05-26_15__6,0.10660174087568461,5,3,0.10660174087568461,0.0
10,2026-05-26_15__67,0.0,4,1,0.0,0.0
10,2026-05-26_15__7,0.11806602302822877,318,66,0.07316321307289698,-0.04490280995533179
10,2026-05-26_15__72,-0.03469956343901429,6,1,-0.03469956343901429,0.0
10,2026-05-26_15__73,-0.030361665402200744,12,5,-0.030361665402200744,0.0
10,2026-05-26_15__74,0.11469698331917164,193,38,0.1341791362686584,0.019482152949486766
10,2026-05-26_15__75,0.0,8,2,0.0,0.0
10,2026-05-26_15__76,0.0,11,3,0.0,0.0
10,2026-05-26_15__77,0.07809463898200351,13,4,0.07809463898200351,0.0
10,2026-05-26_15__79,0.0,2,1,0.0,0.0
10,2026-05-26_15__8,0.39033905242969175,41,13,0.007613103861775012,-0.38272594856791675
10,2026-05-26_15__81,0.0,2,1,0.0,0.0
10,2026-05-26_15__82,0.023252064554861614,235,39,0.023605858967591466,0.0003537944127298505
10,2026-05-26_15__83,0.0,34,4,0.0,0.0
10,2026-05-26_15__84,-0.6239210806125473,21,6,0.009930730478158465,0.6338518110907058
10,2026-05-26_15__85,-0.13093660568700868,20,9,0.01237517279160216,0.14331177847861085
10,2026-05-26_15__86,0.03908125187709342,1,2,0.03908125187709342,0.0
10,2026-05-26_15__87,-0.050349048021022996,96,27,0.022559412617803604,0.0729084606388266
10,2026-05-26_15__88,0.06301472436814223,18,3,0.06301472436814223,0.0
10,2026-05-26_15__90,0.1303763380527468,9,3,0.1303763380527468,0.0
10,2026-05-26_15__91,0.05135892192640391,299,64,0.031797251365115825,-0.019561670561288082
10,2026-05-26_15__92,0.41471574193981664,20,4,1.2964589334254009,0.8817431914855842
10,2026-05-26_15__94,0.0065264736613415975,4,1,0.0065264736613415975,0.0
10,2026-05-26_15__95,0.0945249583073058,412,106,0.05723882431138765,-0.037286133995918146
10,2026-05-26_15__96,0.08707196132126716,40,6,0.08707196132126716,0.0
10,2026-05-26_21__105,0.03129054385060262,53,4,0.03129054385060262,0.0
10,2026-05-26_21__108,-0.13567581974794168,77,8,0.03041156810829016,0.16608738785623184
10,2026-05-26_21__11,0.013953105577766134,173,20,0.03632843059577616,0.022375325018010025
10,2026-05-26_21__114,-0.0011661778285127766,73,9,0.05732747747437212,0.058493655302884896
10,2026-05-26_21__116,0.06396316653037142,73,10,0.016584552841883572,-0.04737861368848784
10,2026-05-26_21__118,0.0,1,1,0.0,0.0
10,2026-05-26_21__120,0.2567138910521675,11,2,0.03949444477725654,-0.21721944627491097
10,2026-05-26_21__122,0.03663646585173305,134,17,0.03818490216716412,0.0015484363154310728
10,2026-05-26_21__123,0.0,11,2,0.0,0.0
10,2026-05-26_21__124,0.0,7,1,0.0,0.0
10,2026-05-26_21__125,0.19182572929898598,85,9,0.026490666308883463,-0.1653350629901025
10,2026-05-26_21__127,0.0,53,7,0.0,0.0
10,2026-05-26_21__129,0.0,3,2,0.0,0.0
10,2026-05-26_21__13,0.0,2,1,0.0,0.0
10,2026-05-26_21__134,0.04258369416952802,106,13,0.04460997061854834,0.0020262764490203244
10,2026-05-26_21__136,0.0,1,1,0.0,0.0
10,2026-05-26_21__137,0.0,23,8,0.0,0.0
10,2026-05-26_21__141,0.06304458701479089,142,17,0.036671381955931906,-0.02637320505885898
10,2026-05-26_21__142,0.0,16,2,0.0,0.0
10,2026-05-26_21__143,0.022203753359094254,133,14,0.022203753359094254,0.0
10,2026-05-26_21__15,-0.0211912734540997,164,13,0.0608515891115764,0.0820428625656761
10,2026-05-26_21__2,0.015167692688598805,122,23,0.03060803088033737,0.015440338191738566
10,2026-05-26_21__21,0.0,1,1,0.0,0.0
10,2026-05-26_21__24,-0.014654092432967294,348,57,0.10069039280604243,0.11534448523900973
10,2026-05-26_21__26,0.02334937723999273,166,27,0.0067495869783000565,-0.016599790261692674
10,2026-05-26_21__28,0.01999887237917028,169,22,0.02300244696625655,0.003003574587086272
10,2026-05-26_21__30,-0.027661345046751183,133,23,0.005547944908586103,0.033209289955337284
10,2026-05-26_21__34,0.0,9,1,0.0,0.0
10,2026-05-26_21__35,0.06331563112172345,127,19,0.04945094614563111,-0.013864684976092338
10,2026-05-26_21__4,0.031440046317453375,183,30,0.06082936914578992,0.029389322828336548
10,2026-05-26_21__41,0.03479485544076432,112,14,0.03479485544076432,0.0
10,2026-05-26_21__42,0.0,18,4,0.0,0.0
10,2026-05-26_21__48,0.0,3,1,0.0,0.0
10,2026-05-26_21__5,0.08337101909194827,151,22,0.10131729834071941,0.01794627924877114
10,2026-05-26_21__50,0.004229191807549763,98,18,0.004229191807549763,0.0
10,2026-05-26_21__53,0.012904460465639287,133,22,0.03324045981333419,0.020335999347694905
10,2026-05-26_21__55,0.01098609311563669,97,14,0.01098609311563669,0.0
10,2026-05-26_21__57,0.0,1,1,0.0,0.0
10,2026-05-26_21__59,0.0,12,2,0.0,0.0
10,2026-05-26_21__6,0.0,12,2,0.0,0.0
10,2026-05-26_21__63,0.03896835397427244,82,11,0.03657655864549548,-0.0023917953287769587
10,2026-05-26_21__64,0.0,10,1,0.0,0.0
10,2026-05-26_21__68,0.0,5,2,0.0,0.0
10,2026-05-26_21__74,0.006819884355074639,81,10,0.006819884355074639,0.0
10,2026-05-26_21__76,0.0032547885720992744,97,13,0.0032547885720992744,0.0
10,2026-05-26_21__78,0.07956025324485029,144,21,0.0814255550454609,0.0018653018006106034
10,2026-05-26_21__80,0.035284580911850515,91,12,0.035284580911850515,0.0
10,2026-05-26_21__83,0.05895874019069178,93,12,-0.007920228829498669,-0.06687896902019044
10,2026-05-26_21__85,0.10304952657933493,10,3,0.07235007818880945,-0.03069944839052548
10,2026-05-26_21__86,0.03266285355347293,87,8,0.03266285355347293,0.0
10,2026-05-26_21__88,0.0,5,1,0.0,0.0
10,2026-05-26_21__91,0.027842345549904075,104,11,0.027842345549904075,0.0
10,2026-05-26_21__93,0.0,4,1,0.0,0.0
10,2026-05-26_21__95,0.09476703702079833,10,1,0.09476703702079833,0.0
10,2026-05-26_21__96,-0.049810208883573445,113,12,0.06532493597750322,0.11513514486107666
10,2026-05-26_21__99,-0.03948352911718256,2,2,0.0,0.03948352911718256
